Workbook

Sheet Script
A1: @NRTIPOOCUPACAO@ | B1: → | C1: → | D1: @CDINTEGRACAO@ | E1: → | F1: → | I1: ORGANIZAÇÃO | J1: @NROCUPACAOM@ | K1: @NROCUPACAOH@ | L1: @DTINIVIGENCIA@ | M1: @DTFIMVIGENCIA@ | N1: @COMPETENCIA@ | O1: @NMOCUPACAOH@ | P1: @NRCBO@ | Q1: Script | T1: Busca de PK’s livres | W1: Validações de PK | Z1: Atualiza Novo Código
A2: tp ocupação | B2: Início Vigência | C2: Fim Vigência | D2: Nr Ocupacao | E2: Competência | F2: Descrição | G2: CBO | H2: Existe? | I2: 3991 | J2: 0 | K2: 0 | L2: Início Vigência | M2: Fim Vigência | N2: Competência | O2: Descrição | P2: CBO | Q2: INSERT INTO GPE_OCUPACAOM (NRORG, NROCUPACAOM, NRTIPOOCUPACAO, DTINIVIGENCIA, DTFIMVIGENCIA, DTINCLUSAO, NRORGINCLUSAO, CDOPERINCLUSAO) VALUES (@NRORG@, @NROCUPACAOM@, @NRTIPOOCUPACAO@, '@DTINIVIGENCIA@', '@DTFIMVIGENCIA@', SYSDATE, @NRORG@, '000000099991'); INSERT INTO GPE_OCUPACAOH (NRORG, NROCUPACAOH, NROCUPACAOM, DTMESCOMPETENC, NMOCUPACAOH, CDINTEGRACAO, NRCBO, DTINCLUSAO, NRORGINCLUSAO, CDOPERINCLUSAO) VALUES (@NRORG@, @NROCUPACAOH@, @NROCUPACAOM@, '@COMPETENCIA@', '@NMOCUPACAOH@', '@CDINTEGRACAO@', @NRCBO@, SYSDATE, @NRORG@, '000000099991' ); COMMIT; | T2: ="/*"&T4&"*/ SELECT A + 1 A, B - 1 B, B - A - 1 LENGHT, (SELECT TO_NUMBER(NRSEQUENCIAL) FROM NOVOCODIGO WHERE NRORG = "&T9&" AND CDCONTADOR = '"&T4&"') NOVOCODIGO FROM (SELECT 0 A, MIN("&T5&") B FROM "&T4&" WHERE NRORG = "&T9&" UNION ALL SELECT "&T5&", LEAD("&T5&") OVER (ORDER BY "&T5&") FROM "&T4&" WHERE NRORG = "&T9&" ) WHERE B - A > "&T8&" OR B IS NULL ORDER BY A;" -> /*GPE_OCUPACAOM*/ SELECT A + 1 A, B - 1 B, B - A - 1 LENGHT, (SELECT TO_NUMBER(NRSEQUENCIAL) FROM NOVOCODIGO WHERE NRORG = 3991 AND CDCONTADOR = 'GPE_OCUPACAOM') NOVOCODIGO FROM (SELECT 0 A, MIN(NROCUPACAOM) B FROM GPE_OCUPACAOM WHERE NRORG = 3991 UNION ALL SELECT NROCUPACAOM, LEAD(NROCUPACAOM) OVER (ORDER BY NROCUPACAOM) FROM GPE_OCUPACAOM WHERE NRORG = 3991 ) WHERE B - A > 8 OR B IS NULL ORDER BY A; | U2: ="/*"&U4&"*/ SELECT A + 1 A, B - 1 B, B - A - 1 LENGHT, (SELECT TO_NUMBER(NRSEQUENCIAL) FROM NOVOCODIGO WHERE NRORG = "&U9&" AND CDCONTADOR = '"&U4&"') NOVOCODIGO FROM (SELECT 0 A, MIN("&U5&") B FROM "&U4&" WHERE NRORG = "&U9&" UNION ALL SELECT "&U5&", LEAD("&U5&") OVER (ORDER BY "&U5&") FROM "&U4&" WHERE NRORG = "&U9&" ) WHERE B - A > "&U8&" OR B IS NULL ORDER BY A;" -> /*GPE_OCUPACAOH*/ SELECT A + 1 A, B - 1 B, B - A - 1 LENGHT, (SELECT TO_NUMBER(NRSEQUENCIAL) FROM NOVOCODIGO WHERE NRORG = 3991 AND CDCONTADOR = 'GPE_OCUPACAOH') NOVOCODIGO FROM (SELECT 0 A, MIN(NROCUPACAOH) B FROM GPE_OCUPACAOH WHERE NRORG = 3991 UNION ALL SELECT NROCUPACAOH, LEAD(NROCUPACAOH) OVER (ORDER BY NROCUPACAOH) FROM GPE_OCUPACAOH WHERE NRORG = 3991 ) WHERE B - A > 8 OR B IS NULL ORDER BY A; | W2: ="SELECT DECODE(COUNT(1),0,'OK',COUNT(1)||' conflito(s)') STATUS, '"&W4&"' TABELA FROM "&W4&" WHERE NRORG = "&W9&" AND "&W5&" BETWEEN "&W6&" AND "&W7&" UNION ALL " -> SELECT DECODE(COUNT(1),0,'OK',COUNT(1)||' conflito(s)') STATUS, 'GPE_OCUPACAOM' TABELA FROM GPE_OCUPACAOM WHERE NRORG = 3991 AND NROCUPACAOM BETWEEN 1 AND 8 UNION ALL | X2: ="SELECT DECODE(COUNT(1),0,'OK',COUNT(1)||' conflito(s)') STATUS, '"&X4&"' TABELA FROM "&X4&" WHERE NRORG = "&X9&" AND "&X5&" BETWEEN "&X6&" AND "&X7&" /*UNION ALL*/ ;" -> SELECT DECODE(COUNT(1),0,'OK',COUNT(1)||' conflito(s)') STATUS, 'GPE_OCUPACAOH' TABELA FROM GPE_OCUPACAOH WHERE NRORG = 3991 AND NROCUPACAOH BETWEEN 1 AND 8 /*UNION ALL*/ ; | Z2: ="MERGE INTO NOVOCODIGO NC USING ( SELECT LPAD( MAX( "&Z5&" ) + 1, 20, '0' ) NRSEQUENCIAL FROM "&Z4&" WHERE NRORG = "&Z9&" ) TABELA ON ( NC.NRORG = "&Z9&" AND NC.CDCONTADOR = '"&Z4&"' ) WHEN MATCHED THEN UPDATE SET NC.NRSEQUENCIAL = TABELA.NRSEQUENCIAL WHEN NOT MATCHED THEN INSERT ( CDCONTADOR, NRSEQUENCIAL, NRORG, DTINCLUSAO ) VALUES ( '"&Z4&"', TABELA.NRSEQUENCIAL, "&Z9&", SYSDATE );" -> MERGE INTO NOVOCODIGO NC USING ( SELECT LPAD( MAX( NROCUPACAOM ) + 1, 20, '0' ) NRSEQUENCIAL FROM GPE_OCUPACAOM WHERE NRORG = 3991 ) TABELA ON ( NC.NRORG = 3991 AND NC.CDCONTADOR = 'GPE_OCUPACAOM' ) WHEN MATCHED THEN UPDATE SET NC.NRSEQUENCIAL = TABELA.NRSEQUENCIAL WHEN NOT MATCHED THEN INSERT ( CDCONTADOR, NRSEQUENCIAL, NRORG, DTINCLUSAO ) VALUES ( 'GPE_OCUPACAOM', TABELA.NRSEQUENCIAL, 3991, SYSDATE ); | AA2: ="MERGE INTO NOVOCODIGO NC USING ( SELECT LPAD( MAX( "&AA5&" ) + 1, 20, '0' ) NRSEQUENCIAL FROM "&AA4&" WHERE NRORG = "&AA9&" ) TABELA ON ( NC.NRORG = "&AA9&" AND NC.CDCONTADOR = '"&AA4&"' ) WHEN MATCHED THEN UPDATE SET NC.NRSEQUENCIAL = TABELA.NRSEQUENCIAL WHEN NOT MATCHED THEN INSERT ( CDCONTADOR, NRSEQUENCIAL, NRORG, DTINCLUSAO ) VALUES ( '"&AA4&"', TABELA.NRSEQUENCIAL, "&AA9&", SYSDATE ) ;" -> MERGE INTO NOVOCODIGO NC USING ( SELECT LPAD( MAX( NROCUPACAOH ) + 1, 20, '0' ) NRSEQUENCIAL FROM GPE_OCUPACAOH WHERE NRORG = 3991 ) TABELA ON ( NC.NRORG = 3991 AND NC.CDCONTADOR = 'GPE_OCUPACAOH' ) WHEN MATCHED THEN UPDATE SET NC.NRSEQUENCIAL = TABELA.NRSEQUENCIAL WHEN NOT MATCHED THEN INSERT ( CDCONTADOR, NRSEQUENCIAL, NRORG, DTINCLUSAO ) VALUES ( 'GPE_OCUPACAOH', TABELA.NRSEQUENCIAL, 3991, SYSDATE ) ; | AB2: COMMIT;
A3: 1 | B3: 33022 | D3: 1 | E3: 33022 | F3: Ajudante de Expedicao | G3: 414110 | H3: =COUNTIF( HCM!A:A, D3 * 1 ) -> 0 | J3: =J2+1 -> 1 | K3: =K2+1 -> 1 | L3: =TEXT(B3,"DD/MM/AAAA") -> 29/05/1990 | M3: =IF( C3 = "", "", TEXT(C3,"DD/MM/AAAA") ) | N3: =TEXT(E3,"DD/MM/AAAA") -> 29/05/1990 | O3: =TRIM(SUBSTITUTE(F3,"'","")) -> Ajudante de Expedicao | P3: =IF(TRIM(G3)="","NULL",SUBSTITUTE(SUBSTITUTE(SUBSTITUTE(SUBSTITUTE(SUBSTITUTE(SUBSTITUTE(TRIM(G3)," ",""),".",""),",",""),"-",""),"_",""),CHAR(9),"")) -> 414110 | Q3: =SUBSTITUTE(SUBSTITUTE(SUBSTITUTE(SUBSTITUTE(SUBSTITUTE(SUBSTITUTE(SUBSTITUTE(SUBSTITUTE(SUBSTITUTE(SUBSTITUTE(SUBSTITUTE(SUBSTITUTE(SUBSTITUTE(SUBSTITUTE($Q$2,"@NRORG@",$I$2),$A$1,A3),$B$1,B3),$B$1,B3),$D$1,D3),$B$1,B3),$B$1,B3),$J$1,J3),$K$1,K3),$L$1,L3),$M$1,M3),$N$1,N3),$O$1,O3),$P$1,P3) -> INSERT INTO GPE_OCUPACAOM (NRORG, NROCUPACAOM, NRTIPOOCUPACAO, DTINIVIGENCIA, DTFIMVIGENCIA, DTINCLUSAO, NRORGINCLUSAO, CDOPERINCLUSAO) VALUES (3991, 1, 1, '29/05/1990', '', SYSDATE, 3991, '000000099991'); INSERT INTO GPE_OCUPACAOH (NRORG, NROCUPACAOH, NROCUPACAOM, DTMESCOMPETENC, NMOCUPACAOH, CDINTEGRACAO, NRCBO, DTINCLUSAO, NRORGINCLUSAO, CDOPERINCLUSAO) VALUES (3991, 1, 1, '29/05/1990', 'Ajudante de Expedicao', '1', 414110, SYSDATE, 3991, '000000099991' ); COMMIT; | S3: Mnemônico | T3: @NROCUPACAOM@ | U3: @NROCUPACAOH@ | V3: Mnemônico | W3: =T3 -> @NROCUPACAOM@ | X3: =U3 -> @NROCUPACAOH@
A4: 1 | B4: 33022 | D4: 2 | E4: 33022 | F4: Ajudante de Expedicao I | G4: 414110 | H4: =COUNTIF( HCM!A:A, D4 * 1 ) -> 0 | J4: =J3+1 -> 2 | K4: =K3+1 -> 2 | L4: =TEXT(B4,"DD/MM/AAAA") -> 29/05/1990 | M4: =IF( C4 = "", "", TEXT(C4,"DD/MM/AAAA") ) | N4: =TEXT(E4,"DD/MM/AAAA") -> 29/05/1990 | O4: =TRIM(SUBSTITUTE(F4,"'","")) -> Ajudante de Expedicao I | P4: =IF(TRIM(G4)="","NULL",SUBSTITUTE(SUBSTITUTE(SUBSTITUTE(SUBSTITUTE(SUBSTITUTE(SUBSTITUTE(TRIM(G4)," ",""),".",""),",",""),"-",""),"_",""),CHAR(9),"")) -> 414110 | Q4: =SUBSTITUTE(SUBSTITUTE(SUBSTITUTE(SUBSTITUTE(SUBSTITUTE(SUBSTITUTE(SUBSTITUTE(SUBSTITUTE(SUBSTITUTE(SUBSTITUTE(SUBSTITUTE(SUBSTITUTE(SUBSTITUTE(SUBSTITUTE($Q$2,"@NRORG@",$I$2),$A$1,A4),$B$1,B4),$B$1,B4),$D$1,D4),$B$1,B4),$B$1,B4),$J$1,J4),$K$1,K4),$L$1,L4),$M$1,M4),$N$1,N4),$O$1,O4),$P$1,P4) -> INSERT INTO GPE_OCUPACAOM (NRORG, NROCUPACAOM, NRTIPOOCUPACAO, DTINIVIGENCIA, DTFIMVIGENCIA, DTINCLUSAO, NRORGINCLUSAO, CDOPERINCLUSAO) VALUES (3991, 2, 1, '29/05/1990', '', SYSDATE, 3991, '000000099991'); INSERT INTO GPE_OCUPACAOH (NRORG, NROCUPACAOH, NROCUPACAOM, DTMESCOMPETENC, NMOCUPACAOH, CDINTEGRACAO, NRCBO, DTINCLUSAO, NRORGINCLUSAO, CDOPERINCLUSAO) VALUES (3991, 2, 2, '29/05/1990', 'Ajudante de Expedicao I', '2', 414110, SYSDATE, 3991, '000000099991' ); COMMIT; | S4: Tabela | T4: GPE_OCUPACAOM | U4: GPE_OCUPACAOH | V4: Tabela | W4: =T4 -> GPE_OCUPACAOM | X4: =U4 -> GPE_OCUPACAOH | Y4: Tabela | Z4: =W4 -> GPE_OCUPACAOM | AA4: =X4 -> GPE_OCUPACAOH
A5: 1 | B5: 33022 | D5: 3 | E5: 33022 | F5: Ajudante de Expedicao II | G5: 414135 | H5: =COUNTIF( HCM!A:A, D5 * 1 ) -> 0 | J5: =J4+1 -> 3 | K5: =K4+1 -> 3 | L5: =TEXT(B5,"DD/MM/AAAA") -> 29/05/1990 | M5: =IF( C5 = "", "", TEXT(C5,"DD/MM/AAAA") ) | N5: =TEXT(E5,"DD/MM/AAAA") -> 29/05/1990 | O5: =TRIM(SUBSTITUTE(F5,"'","")) -> Ajudante de Expedicao II | P5: =IF(TRIM(G5)="","NULL",SUBSTITUTE(SUBSTITUTE(SUBSTITUTE(SUBSTITUTE(SUBSTITUTE(SUBSTITUTE(TRIM(G5)," ",""),".",""),",",""),"-",""),"_",""),CHAR(9),"")) -> 414135 | Q5: =SUBSTITUTE(SUBSTITUTE(SUBSTITUTE(SUBSTITUTE(SUBSTITUTE(SUBSTITUTE(SUBSTITUTE(SUBSTITUTE(SUBSTITUTE(SUBSTITUTE(SUBSTITUTE(SUBSTITUTE(SUBSTITUTE(SUBSTITUTE($Q$2,"@NRORG@",$I$2),$A$1,A5),$B$1,B5),$B$1,B5),$D$1,D5),$B$1,B5),$B$1,B5),$J$1,J5),$K$1,K5),$L$1,L5),$M$1,M5),$N$1,N5),$O$1,O5),$P$1,P5) -> INSERT INTO GPE_OCUPACAOM (NRORG, NROCUPACAOM, NRTIPOOCUPACAO, DTINIVIGENCIA, DTFIMVIGENCIA, DTINCLUSAO, NRORGINCLUSAO, CDOPERINCLUSAO) VALUES (3991, 3, 1, '29/05/1990', '', SYSDATE, 3991, '000000099991'); INSERT INTO GPE_OCUPACAOH (NRORG, NROCUPACAOH, NROCUPACAOM, DTMESCOMPETENC, NMOCUPACAOH, CDINTEGRACAO, NRCBO, DTINCLUSAO, NRORGINCLUSAO, CDOPERINCLUSAO) VALUES (3991, 3, 3, '29/05/1990', 'Ajudante de Expedicao II', '3', 414135, SYSDATE, 3991, '000000099991' ); COMMIT; | S5: PK | T5: NROCUPACAOM | U5: NROCUPACAOH | V5: PK | W5: =T5 -> NROCUPACAOM | X5: =U5 -> NROCUPACAOH | Y5: PK | Z5: =W5 -> NROCUPACAOM | AA5: =X5 -> NROCUPACAOH
A6: 1 | B6: 33022 | D6: 4 | E6: 33022 | F6: Ajudante Externo | G6: 783225 | H6: =COUNTIF( HCM!A:A, D6 * 1 ) -> 0 | J6: =J5+1 -> 4 | K6: =K5+1 -> 4 | L6: =TEXT(B6,"DD/MM/AAAA") -> 29/05/1990 | M6: =IF( C6 = "", "", TEXT(C6,"DD/MM/AAAA") ) | N6: =TEXT(E6,"DD/MM/AAAA") -> 29/05/1990 | O6: =TRIM(SUBSTITUTE(F6,"'","")) -> Ajudante Externo | P6: =IF(TRIM(G6)="","NULL",SUBSTITUTE(SUBSTITUTE(SUBSTITUTE(SUBSTITUTE(SUBSTITUTE(SUBSTITUTE(TRIM(G6)," ",""),".",""),",",""),"-",""),"_",""),CHAR(9),"")) -> 783225 | Q6: =SUBSTITUTE(SUBSTITUTE(SUBSTITUTE(SUBSTITUTE(SUBSTITUTE(SUBSTITUTE(SUBSTITUTE(SUBSTITUTE(SUBSTITUTE(SUBSTITUTE(SUBSTITUTE(SUBSTITUTE(SUBSTITUTE(SUBSTITUTE($Q$2,"@NRORG@",$I$2),$A$1,A6),$B$1,B6),$B$1,B6),$D$1,D6),$B$1,B6),$B$1,B6),$J$1,J6),$K$1,K6),$L$1,L6),$M$1,M6),$N$1,N6),$O$1,O6),$P$1,P6) -> INSERT INTO GPE_OCUPACAOM (NRORG, NROCUPACAOM, NRTIPOOCUPACAO, DTINIVIGENCIA, DTFIMVIGENCIA, DTINCLUSAO, NRORGINCLUSAO, CDOPERINCLUSAO) VALUES (3991, 4, 1, '29/05/1990', '', SYSDATE, 3991, '000000099991'); INSERT INTO GPE_OCUPACAOH (NRORG, NROCUPACAOH, NROCUPACAOM, DTMESCOMPETENC, NMOCUPACAOH, CDINTEGRACAO, NRCBO, DTINCLUSAO, NRORGINCLUSAO, CDOPERINCLUSAO) VALUES (3991, 4, 4, '29/05/1990', 'Ajudante Externo', '4', 783225, SYSDATE, 3991, '000000099991' ); COMMIT; | S6: Inicio PK | T6: =MIN(OFFSET($A$1,2,MATCH(T$3,$1:$1,0)-1,1048574,1)) -> 1 | U6: =MIN(OFFSET($A$1,2,MATCH(U$3,$1:$1,0)-1,1048574,1)) -> 1 | V6: Inicio PK | W6: =T6 -> 1 | X6: =U6 -> 1
A7: 1 | B7: 33022 | D7: 5 | E7: 33022 | F7: Ajudante Externo I | G7: 783225 | H7: =COUNTIF( HCM!A:A, D7 * 1 ) -> 0 | J7: =J6+1 -> 5 | K7: =K6+1 -> 5 | L7: =TEXT(B7,"DD/MM/AAAA") -> 29/05/1990 | M7: =IF( C7 = "", "", TEXT(C7,"DD/MM/AAAA") ) | N7: =TEXT(E7,"DD/MM/AAAA") -> 29/05/1990 | O7: =TRIM(SUBSTITUTE(F7,"'","")) -> Ajudante Externo I | P7: =IF(TRIM(G7)="","NULL",SUBSTITUTE(SUBSTITUTE(SUBSTITUTE(SUBSTITUTE(SUBSTITUTE(SUBSTITUTE(TRIM(G7)," ",""),".",""),",",""),"-",""),"_",""),CHAR(9),"")) -> 783225 | Q7: =SUBSTITUTE(SUBSTITUTE(SUBSTITUTE(SUBSTITUTE(SUBSTITUTE(SUBSTITUTE(SUBSTITUTE(SUBSTITUTE(SUBSTITUTE(SUBSTITUTE(SUBSTITUTE(SUBSTITUTE(SUBSTITUTE(SUBSTITUTE($Q$2,"@NRORG@",$I$2),$A$1,A7),$B$1,B7),$B$1,B7),$D$1,D7),$B$1,B7),$B$1,B7),$J$1,J7),$K$1,K7),$L$1,L7),$M$1,M7),$N$1,N7),$O$1,O7),$P$1,P7) -> INSERT INTO GPE_OCUPACAOM (NRORG, NROCUPACAOM, NRTIPOOCUPACAO, DTINIVIGENCIA, DTFIMVIGENCIA, DTINCLUSAO, NRORGINCLUSAO, CDOPERINCLUSAO) VALUES (3991, 5, 1, '29/05/1990', '', SYSDATE, 3991, '000000099991'); INSERT INTO GPE_OCUPACAOH (NRORG, NROCUPACAOH, NROCUPACAOM, DTMESCOMPETENC, NMOCUPACAOH, CDINTEGRACAO, NRCBO, DTINCLUSAO, NRORGINCLUSAO, CDOPERINCLUSAO) VALUES (3991, 5, 5, '29/05/1990', 'Ajudante Externo I', '5', 783225, SYSDATE, 3991, '000000099991' ); COMMIT; | S7: Fim PK | T7: =MAX(OFFSET($A$1,2,MATCH(T$3,$1:$1,0)-1,1048574,1)) -> 8 | U7: =MAX(OFFSET($A$1,2,MATCH(U$3,$1:$1,0)-1,1048574,1)) -> 8 | V7: Fim PK | W7: =T7 -> 8 | X7: =U7 -> 8
A8: 1 | B8: 33022 | D8: 6 | E8: 33022 | F8: Ajudante Externo II | G8: 783225 | H8: =COUNTIF( HCM!A:A, D8 * 1 ) -> 0 | J8: =J7+1 -> 6 | K8: =K7+1 -> 6 | L8: =TEXT(B8,"DD/MM/AAAA") -> 29/05/1990 | M8: =IF( C8 = "", "", TEXT(C8,"DD/MM/AAAA") ) | N8: =TEXT(E8,"DD/MM/AAAA") -> 29/05/1990 | O8: =TRIM(SUBSTITUTE(F8,"'","")) -> Ajudante Externo II | P8: =IF(TRIM(G8)="","NULL",SUBSTITUTE(SUBSTITUTE(SUBSTITUTE(SUBSTITUTE(SUBSTITUTE(SUBSTITUTE(TRIM(G8)," ",""),".",""),",",""),"-",""),"_",""),CHAR(9),"")) -> 783225 | Q8: =SUBSTITUTE(SUBSTITUTE(SUBSTITUTE(SUBSTITUTE(SUBSTITUTE(SUBSTITUTE(SUBSTITUTE(SUBSTITUTE(SUBSTITUTE(SUBSTITUTE(SUBSTITUTE(SUBSTITUTE(SUBSTITUTE(SUBSTITUTE($Q$2,"@NRORG@",$I$2),$A$1,A8),$B$1,B8),$B$1,B8),$D$1,D8),$B$1,B8),$B$1,B8),$J$1,J8),$K$1,K8),$L$1,L8),$M$1,M8),$N$1,N8),$O$1,O8),$P$1,P8) -> INSERT INTO GPE_OCUPACAOM (NRORG, NROCUPACAOM, NRTIPOOCUPACAO, DTINIVIGENCIA, DTFIMVIGENCIA, DTINCLUSAO, NRORGINCLUSAO, CDOPERINCLUSAO) VALUES (3991, 6, 1, '29/05/1990', '', SYSDATE, 3991, '000000099991'); INSERT INTO GPE_OCUPACAOH (NRORG, NROCUPACAOH, NROCUPACAOM, DTMESCOMPETENC, NMOCUPACAOH, CDINTEGRACAO, NRCBO, DTINCLUSAO, NRORGINCLUSAO, CDOPERINCLUSAO) VALUES (3991, 6, 6, '29/05/1990', 'Ajudante Externo II', '6', 783225, SYSDATE, 3991, '000000099991' ); COMMIT; | S8: Quantidade | T8: =T7-T6+1 -> 8 | U8: =U7-U6+1 -> 8
A9: 1 | B9: 33022 | D9: 7 | E9: 33022 | F9: Ajudante Interno | G9: 414110 | H9: =COUNTIF( HCM!A:A, D9 * 1 ) -> 0 | J9: =J8+1 -> 7 | K9: =K8+1 -> 7 | L9: =TEXT(B9,"DD/MM/AAAA") -> 29/05/1990 | M9: =IF( C9 = "", "", TEXT(C9,"DD/MM/AAAA") ) | N9: =TEXT(E9,"DD/MM/AAAA") -> 29/05/1990 | O9: =TRIM(SUBSTITUTE(F9,"'","")) -> Ajudante Interno | P9: =IF(TRIM(G9)="","NULL",SUBSTITUTE(SUBSTITUTE(SUBSTITUTE(SUBSTITUTE(SUBSTITUTE(SUBSTITUTE(TRIM(G9)," ",""),".",""),",",""),"-",""),"_",""),CHAR(9),"")) -> 414110 | Q9: =SUBSTITUTE(SUBSTITUTE(SUBSTITUTE(SUBSTITUTE(SUBSTITUTE(SUBSTITUTE(SUBSTITUTE(SUBSTITUTE(SUBSTITUTE(SUBSTITUTE(SUBSTITUTE(SUBSTITUTE(SUBSTITUTE(SUBSTITUTE($Q$2,"@NRORG@",$I$2),$A$1,A9),$B$1,B9),$B$1,B9),$D$1,D9),$B$1,B9),$B$1,B9),$J$1,J9),$K$1,K9),$L$1,L9),$M$1,M9),$N$1,N9),$O$1,O9),$P$1,P9) -> INSERT INTO GPE_OCUPACAOM (NRORG, NROCUPACAOM, NRTIPOOCUPACAO, DTINIVIGENCIA, DTFIMVIGENCIA, DTINCLUSAO, NRORGINCLUSAO, CDOPERINCLUSAO) VALUES (3991, 7, 1, '29/05/1990', '', SYSDATE, 3991, '000000099991'); INSERT INTO GPE_OCUPACAOH (NRORG, NROCUPACAOH, NROCUPACAOM, DTMESCOMPETENC, NMOCUPACAOH, CDINTEGRACAO, NRCBO, DTINCLUSAO, NRORGINCLUSAO, CDOPERINCLUSAO) VALUES (3991, 7, 7, '29/05/1990', 'Ajudante Interno', '7', 414110, SYSDATE, 3991, '000000099991' ); COMMIT; | S9: Organização | T9: =OFFSET($A$1,1,MATCH(S9,$1:$1,0)-1) -> 3991 | U9: =T9 -> 3991 | V9: Organização | W9: =T9 -> 3991 | X9: =U9 -> 3991 | Y9: Organização | Z9: =W9 -> 3991 | AA9: =X9 -> 3991
A10: 1 | B10: 33022 | D10: 8 | E10: 33022 | F10: Almoxarife | G10: 414105 | H10: =COUNTIF( HCM!A:A, D10 * 1 ) -> 0 | J10: =J9+1 -> 8 | K10: =K9+1 -> 8 | L10: =TEXT(B10,"DD/MM/AAAA") -> 29/05/1990 | M10: =IF( C10 = "", "", TEXT(C10,"DD/MM/AAAA") ) | N10: =TEXT(E10,"DD/MM/AAAA") -> 29/05/1990 | O10: =TRIM(SUBSTITUTE(F10,"'","")) -> Almoxarife | P10: =IF(TRIM(G10)="","NULL",SUBSTITUTE(SUBSTITUTE(SUBSTITUTE(SUBSTITUTE(SUBSTITUTE(SUBSTITUTE(TRIM(G10)," ",""),".",""),",",""),"-",""),"_",""),CHAR(9),"")) -> 414105 | Q10: =SUBSTITUTE(SUBSTITUTE(SUBSTITUTE(SUBSTITUTE(SUBSTITUTE(SUBSTITUTE(SUBSTITUTE(SUBSTITUTE(SUBSTITUTE(SUBSTITUTE(SUBSTITUTE(SUBSTITUTE(SUBSTITUTE(SUBSTITUTE($Q$2,"@NRORG@",$I$2),$A$1,A10),$B$1,B10),$B$1,B10),$D$1,D10),$B$1,B10),$B$1,B10),$J$1,J10),$K$1,K10),$L$1,L10),$M$1,M10),$N$1,N10),$O$1,O10),$P$1,P10) -> INSERT INTO GPE_OCUPACAOM (NRORG, NROCUPACAOM, NRTIPOOCUPACAO, DTINIVIGENCIA, DTFIMVIGENCIA, DTINCLUSAO, NRORGINCLUSAO, CDOPERINCLUSAO) VALUES (3991, 8, 1, '29/05/1990', '', SYSDATE, 3991, '000000099991'); INSERT INTO GPE_OCUPACAOH (NRORG, NROCUPACAOH, NROCUPACAOM, DTMESCOMPETENC, NMOCUPACAOH, CDINTEGRACAO, NRCBO, DTINCLUSAO, NRORGINCLUSAO, CDOPERINCLUSAO) VALUES (3991, 8, 8, '29/05/1990', 'Almoxarife', '8', 414105, SYSDATE, 3991, '000000099991' ); COMMIT;

Sheet HCM
A1: CDINTEGRACAO | B1: NROCUPACAOM | C1: NRTIPOOCUPACAO | D1: NMOCUPACAOH | F1: SELECT OH.CDINTEGRACAO, OM.NROCUPACAOM, OM.NRTIPOOCUPACAO, OH.NMOCUPACAOH FROM GPE_OCUPACAOM OM JOIN GPE_OCUPACAOH OH ON OH.NRORG = OM.NRORG AND OH.NROCUPACAOM = OM.NROCUPACAOM AND OH.DTMESCOMPETENC = ( SELECT MAX(DTMESCOMPETENC) FROM GPE_OCUPACAOH WHERE NRORG = OH.NRORG AND NROCUPACAOM = OH.NROCUPACAOM AND DTMESCOMPETENC <= '01/07/2022' ) WHERE OM.NRORG = :P_NRORG ORDER BY TO_NUMBER( OH.CDINTEGRACAO )
