Workbook
Name MIG_NORMA.DATA: _xlfn.LAMBDA(_xlpm.data, "'" & TEXT( TRIM( _xlpm.data ), "DD/MM/AAAA" ) & "'" )
Name MIG_NORMA.DECIMAL: _xlfn.LAMBDA(_xlpm.número, SUBSTITUTE( _xlpm.número, ",", ".") )
Name MIG_NORMA.NÚMERICO: _xlfn.LAMBDA(_xlpm.texto, _xlfn.CONCAT( IFERROR( -- MID( _xlpm.texto, _xlfn.SEQUENCE(LEN( _xlpm.texto ) ), 1 ), "" ) ) )
Name MIG_NORMA.TEXTO: _xlfn.LAMBDA(_xlpm.texto, "'" & UPPER( TRIM( MIG_REMOVE.ESPECIAL( _xlpm.texto ) ) ) & "'" )
Name MIG_REMOVE.ESPECIAL: _xlfn.LAMBDA(_xlpm.texto, AUX_TROCAR( _xlpm.texto, "áàâãäÁÀÂÃÄéèêëÉÈÊËíìîïÍÌÎÏóòôöÓÒÔÖúùûüÚÙÛÜçÇ&'`´~^", "aaaaaAAAAAeeeeEEEEiiiiIIIIooooOOOOuuuuUUUUcC " ) )

Sheet Dados
A1: → | B1: → | C1: @CDMATRICULA@ | D1: @NRSITUFUNCM@ | E1: @NRESCALATRABM@ | F1: → | G1: → | H1: @NOMEVINC@ | I1: @CDESTACIVIL@ | J1: → | K1: → | L1: @SERIECTPS@ | M1: @UFCTPS@ | N1: → | O1: @PIS@ | Q1: → | R1: @CDEXRG@ | S1: @UFRG@ | U1: @TITUELEI@ | V1: @SECAOELEI@ | W1: @ZONAELEI@ | X1: @CNH@ | Z1: @CATCNH@ | AA1: → | AB1: → | AC1: @NRRACA@ | AD1: @CDPAIS@ | AE1: @SGESTADO@ | AF1: → | AG1: → | AH1: @IDSEXO@ | AI1: @IDREMUNERACAO@ | AJ1: → | AK1: → | AL1: → | AM1: @NRTPCONTCORR@ | AN1: → | AO1: @IDTPPAGAMENTO@ | AP1: @ESTRUTLEGAL@ | AQ1: @ESTRUTGEREN@ | AR1: → | AS1: @SGESTADO_END@ | AT1: → | AU1: → | AV1: → | AW1: @NRIMOVELENDERECO_END@ | AX1: → | AY1: → | AZ1: → | BA1: @NRTIPOVINCULOM@ | BB1: @NRTPDEMISSAO@ | BG1: @IDMULTVINC@ | BH1: @CDCONTRIBINDIVIDUAL@ | BI1: @NRMOTIVORESC@ | BJ1: @DSOBSRESCISAO@ | BN1: @NRVINCULOEMPREG@ | BO1: @NRTPADMISSAO@ | BQ1: → | BR1: → | BS1: @NRTPMODALIDSAL@ | BT1: @NRGRAUINSTR@ | BU1: @ESTRUTSIND@ | BV1: @NRDIASCONTRATOEXP@ | BW1: @NRDIASCONTRATOEXPPRO@ | CC1: @NRCONDFISPES@ | CD1: @TELPRI@ | CE1: @EMAIL@ | CI1: @DDDTELPRI@ | CJ1: @DDDTELCEL@ | CK1: @TELCEL@ | CM1: ORGANIZAÇÃO | CN1: @DTMESCOMPETENC2@ | CO1: @DTMESCOMPETENC3@ | CP1: @NRPARCNEGOCIO@ | CQ1: @NRPESSOA@ | CR1: @NRPESSOAH@ | CS1: @NRVINCULOM@ | CT1: @NRVINCULOH@ | CU1: @NRVINCULOH2@ | CV1: @NRVINCULOH3@ | CW1: @NRALTESITUFUNC@ | CX1: @NRCONTCORRPARC@ | CY1: @NRCOMUNICAPARC@ | CZ1: @NRCOMUNICAPARC2@ | DA1: @NRCOMUNICAPARC3@ | DB1: @NRENDERECOPARC@ | DC1: @NRMOVIMENTACAO_LEG@ | DD1: @NRMOVIMENTACAO_GER@ | DE1: @NRMOVIMENTACAO_SIN@ | DF1: @IDCONTRIBUISIND@ | DG1: @NMMUNICIPIO@ | DH1: @NRNACIONALID@ | DI1: @CDLOGRADOURO_END@ | DJ1: @DSENDERECO_END@ | DK1: @NMBAIRROENDERECO_END@ | DL1: @DSCOMPLEENDERECO_END@ | DM1: @NRCEPENDERECO_END@ | DN1: @OCUPACAO@ | DO1: @NRDEPENDIR@ | DP1: @NRDEPENDSFAM@ | DQ1: @NRCATMILITARPE@ | DR1: @NRRG@ | DS1: @CDBANCO@ | DT1: @CDAGENCIA@ | DU1: @CDCONTCORR@ | DV1: @CDPAIS_END@ | DW1: @NMMUNICIPIO_END@ | DX1: @CPF@ | DY1: @CTPS@ | DZ1: @DTADMISSAO@ | EA1: @DTRESCISAO@ | EB1: @DTNASCI@ | EC1: @DTCTPS@ | ED1: @DTPIS@ | EE1: @DTVALCNH@ | EF1: @DTEXRG@ | EG1: @DTOPCAOFGTS@ | EH1: @DTAPOSENTAFGTS@ | EI1: @DTPRIMADMISSAO@ | EJ1: @DTEXAMEMEDICO@ | EK1: @DTAVISOTRCT@ | EL1: @DTAVISOPREVIO@ | EM1: @DTBASEFERIAS@ | EN1: @DTINISITUFUNC@ | EO1: @DTFIMCONTRDETERMIN@ | EP1: @NRCERTRESE@ | EQ1: Parceiro de negócio | ER1: Pessoa M | ES1: Pessoa H | ET1: Vinculo M | EU1: Vinculo H | EV1: Vinculo H 2 | EW1: Vinculo H 3 | EX1: Alte Situ Func | EY1: Conta Corr | EZ1: Comunicação Telefone Principal | FA1: Comunicação Telefone Celular | FB1: Comunicação e-mail | FC1: Endereço | FD1: Mov Legal | FE1: Mov Geren | FF1: Mov Sind | FH1: ="H3:H" & COUNTA( A:A ) -> H3:H29 | FI1: ="C3:C" & COUNTA( A:A ) -> C3:C29 | FJ1: Verificação de PK | FK1: ="A3:A" & COUNTA( A:A ) -> A3:A29 | FL1: ="DN3:DN" & COUNTA( A:A ) -> DN3:DN29 | FM1: Verificação de FK - Ocupação | FP1: ="E3:E" & COUNTA( E:E ) -> E3:E29 | FQ1: Verificação de FK - Escala de Trabalho | FT1: ="AP3:AP" & COUNTA( A:A ) -> AP3:AP29 | FU1: Verificação de FK - Legal | FX1: ="AQ3:AQ" & COUNTA( A:A ) -> AQ3:AQ29 | FY1: Verificação de FK - Gerencial | GB1: ="BU3:BU" & COUNTA( A:A ) -> BU3:BU29 | GC1: Verificação de FK - Sindical | GJ1: --Busca de PK’s livres | GU1: --Validações de PK | HF1: --Atualiza ou cria o novo codigo
A2: Data Admissão | B2: Data Rescisão | C2: Nr. Vínculo | D2: Situ. Funcional | E2: Escala Trabalho | F2: Mês Competência | G2: Contribuiçao Sind. | H2: Nome | I2: Estado Civil | J2: CPF | K2: CTPS | L2: Série CTPS | M2: UF CTPS | N2: Emissao CTPS | O2: PIS PASEP | P2: Data de Cadastro do PIS | Q2: carteira de identidade | R2: orgao emissor carteira de identidade | S2: uf carteira identidade | T2: Data de emissão carteira de identidade | U2: Título de eleitor | V2: Seção de Votacão | W2: Zona de votação | X2: CNH | Y2: vencimento CNH | Z2: Tipo CNH | AA2: certificado reservista | AB2: Categoria Militar | AC2: RACA | AD2: pais | AE2: estado | AF2: Naturalidade | AG2: Data de Nascimento | AH2: sexo | AI2: Tipo Remuneração | AJ2: Banco | AK2: Agência | AL2: Conta Corrente | AM2: Tp Conta Corrente | AN2: nacionalidade | AO2: Tp. Pagamento | AP2: Estrutura Trabalho | AQ2: Estrutura Gerencial | AR2: pais_end | AS2: estado end | AT2: municipio_end | AU2: Logradouro | AV2: Endereço | AW2: numero | AX2: bairro | AY2: Complemento | AZ2: Cep | BA2: Tipo Vínculo Mestre | BB2: Tipo de Demissão | BC2: Data FGTS | BD2: Dt. Aposentadoria FGTS | BE2: Data Primeira Admissão | BF2: Ocupação | BG2: Múltiplos Vínculos | BH2: Nr. Contrib. Individual | BI2: Motivo da Rescisão | BJ2: Observação Rescisão | BK2: Data Aviso Prévio | BL2: Tp. Mov. Transferência | BM2: Fim contrato Determinado | BN2: Vínculo Empregatício | BO2: Tipo Admissão | BP2: Dt. Base Férias | BQ2: Dependentes IR | BR2: Dependentes Sal Fam | BS2: Modalidade Salário | BT2: Grau Instrucao | BU2: Estrutura Sindical | BV2: Dias Contrato Exp. | BW2: Dias Contrato Exp. Prorr | BX2: Dt. Exame Médico | BY2: Dt. Aviso TRCT | BZ2: Tipo Sanguineo | CA2: Fator RH | CB2: Inscrição Conselho | CC2: Condição Física | CD2: Telefone Principal | CE2: Email | CF2: Salário | CG2: Nome do Pai | CH2: Nome da Mãe | CI2: DDD Telefone Principal | CJ2: DDD Telefone Celular | CK2: Telefone Celular | CM2: 5862 | CN2: 01/01/2024 | CO2: 01/01/2025 | CP2: 203 | CQ2: 0 | CR2: 0 | CS2: 0 | CT2: 1 | CU2: =CT2+1 -> 2 | CV2: =CU2+1 -> 3 | CW2: 0 | CX2: 0 | CY2: 0 | CZ2: =MAX(CY:CY) -> 2 | DA2: =MAX(CZ:CZ) -> 29 | DB2: 10 | DC2: 0 | DD2: =LARGE( DC:DC, 1 ) -> 27 | DE2: =LARGE( DD:DD, 1 ) -> 54 | DF2: =G2 -> Contribuiçao Sind. | DG2: Naturalidade | DH2: Nacionalidade | DI2: Logradouro | DJ2: Endereço | DK2: bairro | DL2: Complemento | DM2: Cep | DN2: Ocupação | DO2: =BQ2 -> Dependentes IR | DP2: =BR2 -> Dependentes Sal Fam | DQ2: Categoria Militar | DR2: carteira de identidade | DS2: Banco | DT2: Agência | DU2: Conta corrente | DV2: pais_end | DW2: municipio_end | DX2: =J2 -> CPF | DY2: =K2 -> CTPS | DZ2: Data Admissão | EA2: Data Rescisão | EB2: Data de Nascimento | EC2: Emissão CTPS | ED2: Data de Cadastro do PIS | EE2: vencimento CNH | EF2: Data de emissão carteira de identidade | EG2: Data FGTS | EH2: Dt. Aposentadoria FGTS | EI2: Data Primeira Admissão | EJ2: Dt. Exame Médico | EK2: Dt. Aviso TRCT | EL2: Data Aviso Prévio | EM2: Dt. Base Ferias | EO2: Fim contrato Determinado | EP2: =AA2 -> certificado reservista | EQ2: INSERT INTO PARCNEGOCIO ( NRPARCNEGOCIO, NRORG, NMPRINCIPALPARC, NMSECUNDARIPARC, DTNASCIFUNDPARC, NRINSCRICAOPARC, IDATIVO, DTINCLUSAO, NRORGINCLUSAO, CDOPERINCLUSAO, CDTIPOPARCPRINCIPAL, CDTIPOINSCRICAO, IDPESSOAFISICA, IDINSTITUICAO, IDPARCFUNDIDO ) VALUES ( @NRPARCNEGOCIO@, @NRORG@, '@NOMEVINC@', '@NOMEVINC@', '@DTNASCI@', '@CPF@', 'S', SYSDATE, @NRORG@, '000000099991', 'PESSOA', 'CPF', 'S', 'N', 'N' ); | ER2: INSERT INTO GPE_PESSOA ( NRPESSOA, NRORG, NRPARCNEGOCIO, DTINCLUSAO, NRORGINCLUSAO, CDOPERINCLUSAO ) VALUES ( @NRPESSOA@, @NRORG@, @NRPARCNEGOCIO@, SYSDATE, @NRORG@, '000000099991' ); | ES2: INSERT INTO GPE_PESSOAH ( NRPESSOAH, NRPESSOA, NRORG, DTMESCOMPETENC, NMPESSOA, CDESTACIVIL, NRCPFPESSOA, NRCTPSPESSOA, NRSERIECTPSPES, SGUFCTPSPES, DTCTPSPESSOA, NRPISPASEPPES, DTINSCPISPASEP, NRTITUELEIPES, NRSECAELEIPES, NRZONAELEIPES, NRCARTHABPES, DTVALHABCARTPES, DSCATEGHABCART, NRCATMILITARPE, NRCERTRESEPES, DTINCLUSAO, NRORGINCLUSAO, CDOPERINCLUSAO, NRRACAPESSOA, CDPAIS, SGESTADO, CDMUNICIPIO, DTNASCPESSOA, IDSEXOPESSOA, NRRGPESSOA, CDEXRGPESSOA, SGUFRGPESSOA, DTEXRGPESSOA, NRNACIONALID, NRGRAUINSTR, NRCONDFISPES ) VALUES ( @NRPESSOAH@, @NRPESSOA@, @NRORG@, '01/01/2000', '@NOMEVINC@', '@CDESTACIVIL@', '@CPF@', '@CTPS@', '@SERIECTPS@', '@UFCTPS@', '@DTCTPS@', '@PIS@', '@DTPIS@', '@TITUELEI@', '@SECAOELEI@', '@ZONAELEI@', '@CNH@', '@DTVALCNH@', '@CATCNH@', (SELECT NRCATMILITARPE FROM GPE_CATMILITARPE WHERE NRCATMILITARPE = '@NRCATMILITARPE@'), '@NRCERTRESE@', SYSDATE, @NRORG@, '000000099991', '@NRRACA@', '@CDPAIS@', '@SGESTADO@', (SELECT MAX(CDMUNICIPIO) FROM MUNICIPIO WHERE NMMUNICIPIO = '@NMMUNICIPIO@'), '@DTNASCI@', '@IDSEXO@', '@NRRG@', '@CDEXRG@', '@UFRG@', '@DTEXRG@', '@NRNACIONALID@', '@NRGRAUINSTR@' , '@NRCONDFISPES@'); | ET2: INSERT INTO GPE_VINCULOM (NRVINCULOM, NRPESSOA, NRORG, CDMATRICULA, DTADMISSAOVINC, DTRESCISAOVINC, DTINCLUSAO, NRORGINCLUSAO, CDOPERINCLUSAO, NRTIPOVINCULOM, NRVINCULOEMPREG, NRTPADMISSAO, NRTPDEMISSAO, DTOPCAOFGTS, DTAPOSENTAFGTS, DTPRIMADMISSAO, NMVINCULOM, NRMOTIVORESC, DSOBSRESCISAO, DTAVISOPREVIO, NRDIASCONTRATOEXP, NRDIASCONTRATOEXPPRO, DTEXAMEMEDICO, DTAVISOTRCT) VALUES (@NRVINCULOM@, @NRPESSOA@, @NRORG@, '@CDMATRICULA@', '@DTADMISSAO@', '@DTRESCISAO@', SYSDATE, @NRORG@, '000000099991', '@NRTIPOVINCULOM@', '@NRVINCULOEMPREG@', '@NRTPADMISSAO@', '@NRTPDEMISSAO@', '@DTOPCAOFGTS@', '@DTAPOSENTAFGTS@', '@DTPRIMADMISSAO@', '@NOMEVINC@', '@NRMOTIVORESC@', '@DSOBSRESCISAO@', '@DTAVISOPREVIO@', '@NRDIASCONTRATOEXP@', '@NRDIASCONTRATOEXPPRO@', '@DTEXAMEMEDICO@', '@DTAVISOTRCT@'); | EU2: INSERT INTO GPE_VINCULOH (NRVINCULOH, NRVINCULOM, NRSITUFUNCM, NRCARGO, NRFUNCAO, NRORG, DTMESCOMPETENC, IDCONTRIBUISIND, DTINCLUSAO, NRORGINCLUSAO, CDOPERINCLUSAO, NRDEPENDIR, NRDEPENDSFAM, DTBASEFERIAS, IDREMUNERACAO, IDTPPAGAMENTO, NRESTRUTLEGAL, NRESTRUTGEREN, NRESTRUTSIND, NRTPMODALIDSAL, IDMULTVINC, CDCONTRIBINDIVIDUAL, NRTPMOVTRANSFM, DTFIMCONTRDETERMIN, CONFIDENCIAL, NRESCALATRABM) VALUES (@NRVINCULOH@, @NRVINCULOM@, '@NRSITUFUNCM@', (SELECT MAX(NROCUPACAOM) FROM GPE_OCUPACAOH WHERE NRORG = @NRORG@ AND CDINTEGRACAO = '@OCUPACAO@'), (SELECT MAX(NROCUPACAOM) FROM GPE_OCUPACAOH WHERE NRORG = @NRORG@ AND CDINTEGRACAO = '@OCUPACAO@'), @NRORG@, '01/01/2000', '@IDCONTRIBUISIND@', SYSDATE, @NRORG@, '000000099991', '@NRDEPENDIR@', '@NRDEPENDSFAM@', '@DTBASEFERIAS@', '@IDREMUNERACAO@', '@IDTPPAGAMENTO@', (SELECT MAX(NRESTRUTURAM) FROM ESTRUTURAM WHERE NRORG = @NRORG@ AND CDINTESTRUTURA = '@ESTRUTLEGAL@'), NVL((SELECT MAX(NRESTRUTURAM) FROM ESTRUTURAM WHERE NRORG = @NRORG@ AND CDINTESTRUTURA = '@ESTRUTGEREN@'), @CORINGAGEREN@), NVL((SELECT MAX(NRESTRUTURAM) FROM ESTRUTURAM WHERE NRORG = @NRORG@ AND CDINTESTRUTURA = '@ESTRUTSIND@'), @CORINGASIND@), '@NRTPMODALIDSAL@', '@IDMULTVINC@', '@CDCONTRIBINDIVIDUAL@', 2, '@DTFIMCONTRDETERMIN@', 'N', (SELECT MAX(NRESCALATRABM) FROM GPE_ESCALATRABH WHERE NRORG = @NRORG@ AND NRESCALATRABM = '@NRESCALATRABM@') ); | EV2: INSERT INTO GPE_VINCULOH (NRVINCULOH, NRVINCULOM, NRSITUFUNCM, NRCARGO, NRFUNCAO, NRORG, DTMESCOMPETENC, IDCONTRIBUISIND, DTINCLUSAO, NRORGINCLUSAO, CDOPERINCLUSAO, NRDEPENDIR, NRDEPENDSFAM, DTBASEFERIAS, IDREMUNERACAO, IDTPPAGAMENTO, NRESTRUTLEGAL, NRESTRUTGEREN, NRESTRUTSIND, NRTPMODALIDSAL, IDMULTVINC, CDCONTRIBINDIVIDUAL, NRTPMOVTRANSFM, DTFIMCONTRDETERMIN, CONFIDENCIAL, NRESCALATRABM) SELECT @NRVINCULOH2@ NRVINCULOH, NRVINCULOM, NRSITUFUNCM, NRCARGO, NRFUNCAO, NRORG, '@DTMESCOMPETENC2@' DTMESCOMPETENC, IDCONTRIBUISIND, SYSDATE DTINCLUSAO, NRORGINCLUSAO, CDOPERINCLUSAO, NRDEPENDIR, NRDEPENDSFAM, DTBASEFERIAS, IDREMUNERACAO, IDTPPAGAMENTO, NRESTRUTLEGAL, NRESTRUTGEREN, NRESTRUTSIND, NRTPMODALIDSAL, IDMULTVINC, CDCONTRIBINDIVIDUAL, NRTPMOVTRANSFM, DTFIMCONTRDETERMIN, CONFIDENCIAL, NRESCALATRABM FROM GPE_VINCULOH WHERE NRORG = @NRORG@ AND NRVINCULOH = @NRVINCULOH@; | EW2: INSERT INTO GPE_VINCULOH (NRVINCULOH, NRVINCULOM, NRSITUFUNCM, NRCARGO, NRFUNCAO, NRORG, DTMESCOMPETENC, IDCONTRIBUISIND, DTINCLUSAO, NRORGINCLUSAO, CDOPERINCLUSAO, NRDEPENDIR, NRDEPENDSFAM, DTBASEFERIAS, IDREMUNERACAO, IDTPPAGAMENTO, NRESTRUTLEGAL, NRESTRUTGEREN, NRESTRUTSIND, NRTPMODALIDSAL, IDMULTVINC, CDCONTRIBINDIVIDUAL, NRTPMOVTRANSFM, DTFIMCONTRDETERMIN, CONFIDENCIAL, NRESCALATRABM) SELECT @NRVINCULOH3@ NRVINCULOH, NRVINCULOM, NRSITUFUNCM, NRCARGO, NRFUNCAO, NRORG, '@DTMESCOMPETENC3@' DTMESCOMPETENC, IDCONTRIBUISIND, SYSDATE DTINCLUSAO, NRORGINCLUSAO, CDOPERINCLUSAO, NRDEPENDIR, NRDEPENDSFAM, DTBASEFERIAS, IDREMUNERACAO, IDTPPAGAMENTO, NRESTRUTLEGAL, NRESTRUTGEREN, NRESTRUTSIND, NRTPMODALIDSAL, IDMULTVINC, CDCONTRIBINDIVIDUAL, NRTPMOVTRANSFM, DTFIMCONTRDETERMIN, CONFIDENCIAL, NRESCALATRABM FROM GPE_VINCULOH WHERE NRORG = @NRORG@ AND NRVINCULOH = @NRVINCULOH@; | EX2: INSERT INTO GPE_ALTESITUFUNC ( NRALTESITUFUNC, NRORG, NRSITUFUNCM, NRVINCULOM, DTINISITUFUNC, DTINCLUSAO, NRORGINCLUSAO, CDOPERINCLUSAO ) VALUES ( @NRALTESITUFUNC@, @NRORG@, (CASE WHEN '@NRSITUFUNCM@' IS NOT NULL THEN '@NRSITUFUNCM@' WHEN '@DTRESCISAO@' IS NULL THEN '1' ELSE '13' END), @NRVINCULOM@, '@DTINISITUFUNC@', SYSDATE, @NRORG@, '000000099991' ); | EY2: INSERT INTO CONTCORRPARC ( NRCONTCORRPARC, NRORG, NRPARCNEGOCIO, CDBANCO, CDAGENCIA, CDCONTCORR, NRTPCONTCORR, DTINCLUSAO, NRORGINCLUSAO, CDOPERINCLUSAO, IDATIVO ) VALUES ( @NRCONTCORRPARC@, @NRORG@, @NRPARCNEGOCIO@, '@CDBANCO@', '@CDAGENCIA@', '@CDCONTCORR@', '@NRTPCONTCORR@', SYSDATE, @NRORG@, '000000099991', 'S' ); | EZ2: INSERT INTO COMUNICAPARC ( NRCOMUNICAPARC, NRPARCNEGOCIO, CDFORMACOMU, CDPREFIXCOMUPARC, CDCOMUNICAPARC, NRORG, IDATIVO, DTINCLUSAO, NRORGINCLUSAO, CDOPERINCLUSAO ) VALUES ( @NRCOMUNICAPARC@, @NRPARCNEGOCIO@, '01', '@DDDTELPRI@', '@TELPRI@', @NRORG@, 'S', SYSDATE, @NRORG@, '000000099991' ); | FA2: INSERT INTO COMUNICAPARC ( NRCOMUNICAPARC, NRPARCNEGOCIO, CDFORMACOMU, CDPREFIXCOMUPARC, CDCOMUNICAPARC, NRORG, IDATIVO, DTINCLUSAO, NRORGINCLUSAO, CDOPERINCLUSAO ) VALUES ( @NRCOMUNICAPARC2@, @NRPARCNEGOCIO@, '02', '@DDDTELCEL@', '@TELCEL@', @NRORG@, 'S', SYSDATE, @NRORG@, '000000099991' ); | FB2: INSERT INTO COMUNICAPARC ( NRCOMUNICAPARC, NRPARCNEGOCIO, CDFORMACOMU, CDCOMUNICAPARC, NRORG, IDATIVO, DTINCLUSAO, NRORGINCLUSAO, CDOPERINCLUSAO ) VALUES ( @NRCOMUNICAPARC3@, @NRPARCNEGOCIO@, '05', '@EMAIL@', @NRORG@, 'S', SYSDATE, @NRORG@, '000000099991' ); | FC2: INSERT INTO ENDERECOPARC ( NRENDERECOPARC, NRPARCNEGOCIO, CDTIPOENDERECO, NRORG, IDATIVO, DTINCLUSAO, NRORGINCLUSAO, CDOPERINCLUSAO, CDPAIS, CDMUNICIPIO, CDLOGRADOURO, NMBAIRROENDERECO, DSCOMPLEENDERECO, NRCEPENDERECO, DSENDERECO, NRIMOVELENDERECO, SGESTADO ) VALUES ( @NRENDERECOPARC@, @NRPARCNEGOCIO@, 'PRINCIPAL', @NRORG@, 'S', SYSDATE, @NRORG@, '000000099991', '@CDPAIS_END@', ( SELECT MAX(CDMUNICIPIO) FROM MUNICIPIO WHERE NMMUNICIPIO = '@NMMUNICIPIO_END@' AND SGESTADO = '@SGESTADO_END@' ), '@CDLOGRADOURO_END@', '@NMBAIRROENDERECO_END@', '@DSCOMPLEENDERECO_END@', '@NRCEPENDERECO_END@', '@DSENDERECO_END@', '@NRIMOVELENDERECO_END@', '@SGESTADO_END@'); | FD2: INSERT INTO GPE_MOVIMENTACAO ( NRMOVIMENTACAO, NRORG, NRVINCULOM, NRTIPOTRANSFER, NRTPMOVTRANSFM, NRESTRUTURAM, DTINIMOVIMENT, DSOBSERVACAO, DTINCLUSAO, NRORGINCLUSAO, CDOPERINCLUSAO, NRTIPOESTRUTURA ) VALUES ( @NRMOVIMENTACAO_LEG@, @NRORG@, @NRVINCULOM@, 1, 1, (SELECT MAX(NRESTRUTURAM) FROM ESTRUTURAM WHERE NRORG = @NRORG@ AND CDINTESTRUTURA = '@ESTRUTLEGAL@' AND NRTIPOESTRUTURA = (SELECT NRTPESTRUTLEGAL FROM GPE_PARAMORG WHERE NRORG = @NRORG@)), '@DTADMISSAO@', 'Movimentacao gerada via migracao ' || SYSDATE, SYSDATE, @NRORG@, '000000099991', ( SELECT NRTPESTRUTLEGAL FROM GPE_PARAMORG WHERE NRORG = @NRORG@ ) ); | FE2: INSERT INTO GPE_MOVIMENTACAO ( NRMOVIMENTACAO, NRORG, NRVINCULOM, NRTIPOTRANSFER, NRTPMOVTRANSFM, NRESTRUTURAM, DTINIMOVIMENT, DSOBSERVACAO, DTINCLUSAO, NRORGINCLUSAO, CDOPERINCLUSAO, NRTIPOESTRUTURA ) VALUES ( @NRMOVIMENTACAO_GER@, @NRORG@, @NRVINCULOM@, 2, 1, (SELECT MAX(NRESTRUTURAM) FROM ESTRUTURAM WHERE NRORG = @NRORG@ AND CDINTESTRUTURA = '@ESTRUTGEREN@' AND NRTIPOESTRUTURA = (SELECT NRTPESTRUTGEREN FROM GPE_PARAMORG WHERE NRORG = @NRORG@)), '@DTADMISSAO@', 'Movimentacao gerada via migracao ' || SYSDATE, SYSDATE, @NRORG@, '000000099991', ( SELECT NRTPESTRUTGEREN FROM GPE_PARAMORG WHERE NRORG = @NRORG@ ) ); | FF2: INSERT INTO GPE_MOVIMENTACAO ( NRMOVIMENTACAO, NRORG, NRVINCULOM, NRTIPOTRANSFER, NRTPMOVTRANSFM, NRESTRUTURAM, DTINIMOVIMENT, DSOBSERVACAO, DTINCLUSAO, NRORGINCLUSAO, CDOPERINCLUSAO, NRTIPOESTRUTURA ) VALUES ( @NRMOVIMENTACAO_SIN@, @NRORG@, @NRVINCULOM@, 1, 1, (SELECT MAX(NRESTRUTURAM) FROM ESTRUTURAM WHERE NRORG = @NRORG@ AND CDINTESTRUTURA = '@ESTRUTSIND@' AND NRTIPOESTRUTURA = 10), '@DTADMISSAO@', 'Movimentacao gerada via migracao ' || SYSDATE, SYSDATE, @NRORG@, '000000099991', 10 ); | FG2: COMMIT; | FI2: Vinculo existente? | FJ2: =" - Lista de vínculos que já possuem a matrícula cadastrada no HCM. Por este motivo não foram migrado(s). " & ( COUNTA(_xlfn.ANCHORARRAY( FJ3) ) - 1 ) & " ocorrência(s):" -> - Lista de vínculos que já possuem a matrícula cadastrada no HCM. Por este motivo não foram migrado(s). 0 ocorrência(s): | FL2: Ocupação existe? | FM2: Ocupações não encontradas no sistema / planilha 02_Ocupação: | FN2: Vínculo afetado pela ausência de ocupação na planilha 02_Ocupação: | FP2: Escala de trabalho existe? | FQ2: =IF( COUNTA(_xlfn.ANCHORARRAY( FQ3) ) <= 2, "Escalas de trabalho não encontrada na planilha 03_EscalaTrabalho:", "Lista das escalas de trabalho não encontradas na planilha 03_EscalaTrabalho:" ) -> Escalas de trabalho não encontrada na planilha 03_EscalaTrabalho: | FR2: =IF( COUNTA(_xlfn.ANCHORARRAY( FR3) ) <= 2, "Vínculo afetado pela ausência de escala de trabalho na planilha 03_EscalaTrabalho:", "Lista dos vínculos afetados pela ausência de escala de trabalho na planilha 03_EscalaTrabalho:" ) -> Vínculo afetado pela ausência de escala de trabalho na planilha 03_EscalaTrabalho: | FT2: Estrutura Legal existe? | FU2: =" - Estruturas de trabalhos (estrutura legal) não encontradas no sistema / planilha 01_Estruturas. " & ( COUNTA(_xlfn.ANCHORARRAY( FU3) ) - 1 ) & " ocorrência(s):" -> - Estruturas de trabalhos (estrutura legal) não encontradas no sistema / planilha 01_Estruturas. 0 ocorrência(s): | FV2: =" - Vínculos afetados pela ausência de estruturas de trabalhos (estrutura legal) não encontradas no sistema / planilha 01_Estruturas. Por este motivo o histórico do vínculo e movimentação deverão ser atualizados manualmente. " & ( COUNTA(_xlfn.ANCHORARRAY( FV3) ) - 1 ) & " ocorrência(s):" -> - Vínculos afetados pela ausência de estruturas de trabalhos (estrutura legal) não encontradas no sistema / planilha 01_Estruturas. Por este motivo o histórico do vínculo e movimentação deverão ser atualizados manualmente. 0 ocorrência(s): | FX2: Estrutura Gerencial existe? | FY2: =" - Estruturas gerenciais não encontradas no sistema / planilha 01_Estruturas. " & ( COUNTA(_xlfn.ANCHORARRAY( FY3) ) - 1 ) & " ocorrência(s):" -> - Estruturas gerenciais não encontradas no sistema / planilha 01_Estruturas. 0 ocorrência(s): | FZ2: =" - Vínculos afetados pela ausência de estruturas gerenciais não encontradas no sistema / planilha 01_Estruturas. Por este motivo o histórico do vínculo e movimentação deverão ser atualizados manualmente. " & ( COUNTA(_xlfn.ANCHORARRAY( FZ3) ) - 1 ) & " ocorrência(s):" -> - Vínculos afetados pela ausência de estruturas gerenciais não encontradas no sistema / planilha 01_Estruturas. Por este motivo o histórico do vínculo e movimentação deverão ser atualizados manualmente. 0 ocorrência(s): | GB2: Estrutura Gerencial existe? | GC2: =" - Estruturas sindicais não encontradas no sistema / planilha 01_Estruturas. " & ( COUNTA(_xlfn.ANCHORARRAY( GC3) ) - 1 ) & " ocorrência(s):" -> - Estruturas sindicais não encontradas no sistema / planilha 01_Estruturas. 1 ocorrência(s): | GD2: =" - Vínculos afetados pela ausência de estruturas sindicais não encontradas no sistema / planilha 01_Estruturas. Por este motivo o histórico do vínculo e movimentação deverão ser atualizados manualmente. " & ( COUNTA(_xlfn.ANCHORARRAY( GD3) ) - 0 ) & " ocorrência(s):" -> - Vínculos afetados pela ausência de estruturas sindicais não encontradas no sistema / planilha 01_Estruturas. Por este motivo o histórico do vínculo e movimentação deverão ser atualizados manualmente. 19 ocorrência(s): | GF2: Estruturas coringa | GJ2: ="/*"&GJ4&"*/ SELECT A + 1 A, B - 1 B, B - A - 1 LENGHT, (SELECT TO_NUMBER(NRSEQUENCIAL) FROM NOVOCODIGO WHERE NRORG = "&GJ9&" AND CDCONTADOR = '"&GJ4&"') NOVOCODIGO FROM (SELECT 0 A, MIN("&GJ5&") B FROM "&GJ4&" WHERE NRORG = "&GJ9&" UNION ALL SELECT "&GJ5&", LEAD("&GJ5&") OVER (ORDER BY "&GJ5&") FROM "&GJ4&" WHERE NRORG = "&GJ9&" ) WHERE B - A > "&GJ8&" OR B IS NULL ORDER BY A;" -> /*PARCNEGOCIO*/ SELECT A + 1 A, B - 1 B, B - A - 1 LENGHT, (SELECT TO_NUMBER(NRSEQUENCIAL) FROM NOVOCODIGO WHERE NRORG = 5862 AND CDCONTADOR = 'PARCNEGOCIO') NOVOCODIGO FROM (SELECT 0 A, MIN(NRPARCNEGOCIO) B FROM PARCNEGOCIO WHERE NRORG = 5862 UNION ALL SELECT NRPARCNEGOCIO, LEAD(NRPARCNEGOCIO) OVER (ORDER BY NRPARCNEGOCIO) FROM PARCNEGOCIO WHERE NRORG = 5862 ) WHERE B - A > 27 OR B IS NULL ORDER BY A; | GK2: ="/*"&GK4&"*/ SELECT A + 1 A, B - 1 B, B - A - 1 LENGHT, (SELECT TO_NUMBER(NRSEQUENCIAL) FROM NOVOCODIGO WHERE NRORG = "&GK9&" AND CDCONTADOR = '"&GK4&"') NOVOCODIGO FROM (SELECT 0 A, MIN("&GK5&") B FROM "&GK4&" WHERE NRORG = "&GK9&" UNION ALL SELECT "&GK5&", LEAD("&GK5&") OVER (ORDER BY "&GK5&") FROM "&GK4&" WHERE NRORG = "&GK9&" ) WHERE B - A > "&GK8&" OR B IS NULL ORDER BY A;" -> /*GPE_PESSOA*/ SELECT A + 1 A, B - 1 B, B - A - 1 LENGHT, (SELECT TO_NUMBER(NRSEQUENCIAL) FROM NOVOCODIGO WHERE NRORG = 5862 AND CDCONTADOR = 'GPE_PESSOA') NOVOCODIGO FROM (SELECT 0 A, MIN(NRPESSOA) B FROM GPE_PESSOA WHERE NRORG = 5862 UNION ALL SELECT NRPESSOA, LEAD(NRPESSOA) OVER (ORDER BY NRPESSOA) FROM GPE_PESSOA WHERE NRORG = 5862 ) WHERE B - A > 27 OR B IS NULL ORDER BY A; | GL2: ="/*"&GL4&"*/ SELECT A + 1 A, B - 1 B, B - A - 1 LENGHT, (SELECT TO_NUMBER(NRSEQUENCIAL) FROM NOVOCODIGO WHERE NRORG = "&GL9&" AND CDCONTADOR = '"&GL4&"') NOVOCODIGO FROM (SELECT 0 A, MIN("&GL5&") B FROM "&GL4&" WHERE NRORG = "&GL9&" UNION ALL SELECT "&GL5&", LEAD("&GL5&") OVER (ORDER BY "&GL5&") FROM "&GL4&" WHERE NRORG = "&GL9&" ) WHERE B - A > "&GL8&" OR B IS NULL ORDER BY A;" -> /*GPE_PESSOAH*/ SELECT A + 1 A, B - 1 B, B - A - 1 LENGHT, (SELECT TO_NUMBER(NRSEQUENCIAL) FROM NOVOCODIGO WHERE NRORG = 5862 AND CDCONTADOR = 'GPE_PESSOAH') NOVOCODIGO FROM (SELECT 0 A, MIN(NRPESSOAH) B FROM GPE_PESSOAH WHERE NRORG = 5862 UNION ALL SELECT NRPESSOAH, LEAD(NRPESSOAH) OVER (ORDER BY NRPESSOAH) FROM GPE_PESSOAH WHERE NRORG = 5862 ) WHERE B - A > 27 OR B IS NULL ORDER BY A; | GM2: ="/*"&GM4&"*/ SELECT A + 1 A, B - 1 B, B - A - 1 LENGHT, (SELECT TO_NUMBER(NRSEQUENCIAL) FROM NOVOCODIGO WHERE NRORG = "&GM9&" AND CDCONTADOR = '"&GM4&"') NOVOCODIGO FROM (SELECT 0 A, MIN("&GM5&") B FROM "&GM4&" WHERE NRORG = "&GM9&" UNION ALL SELECT "&GM5&", LEAD("&GM5&") OVER (ORDER BY "&GM5&") FROM "&GM4&" WHERE NRORG = "&GM9&" ) WHERE B - A > "&GM8&" OR B IS NULL ORDER BY A;" -> /*GPE_VINCULOM*/ SELECT A + 1 A, B - 1 B, B - A - 1 LENGHT, (SELECT TO_NUMBER(NRSEQUENCIAL) FROM NOVOCODIGO WHERE NRORG = 5862 AND CDCONTADOR = 'GPE_VINCULOM') NOVOCODIGO FROM (SELECT 0 A, MIN(NRVINCULOM) B FROM GPE_VINCULOM WHERE NRORG = 5862 UNION ALL SELECT NRVINCULOM, LEAD(NRVINCULOM) OVER (ORDER BY NRVINCULOM) FROM GPE_VINCULOM WHERE NRORG = 5862 ) WHERE B - A > 27 OR B IS NULL ORDER BY A; | GN2: ="/*"&GN4&"*/ SELECT A + 1 A, B - 1 B, B - A - 1 LENGHT, (SELECT TO_NUMBER(NRSEQUENCIAL) FROM NOVOCODIGO WHERE NRORG = "&GN9&" AND CDCONTADOR = '"&GN4&"') NOVOCODIGO FROM (SELECT 0 A, MIN("&GN5&") B FROM "&GN4&" WHERE NRORG = "&GN9&" UNION ALL SELECT "&GN5&", LEAD("&GN5&") OVER (ORDER BY "&GN5&") FROM "&GN4&" WHERE NRORG = "&GN9&" ) WHERE B - A > "&GN8&" OR B IS NULL ORDER BY A;" -> /*GPE_ALTESITUFUNC*/ SELECT A + 1 A, B - 1 B, B - A - 1 LENGHT, (SELECT TO_NUMBER(NRSEQUENCIAL) FROM NOVOCODIGO WHERE NRORG = 5862 AND CDCONTADOR = 'GPE_ALTESITUFUNC') NOVOCODIGO FROM (SELECT 0 A, MIN(NRALTESITUFUNC) B FROM GPE_ALTESITUFUNC WHERE NRORG = 5862 UNION ALL SELECT NRALTESITUFUNC, LEAD(NRALTESITUFUNC) OVER (ORDER BY NRALTESITUFUNC) FROM GPE_ALTESITUFUNC WHERE NRORG = 5862 ) WHERE B - A > 27 OR B IS NULL ORDER BY A; | GO2: ="/*"&GO4&"*/ SELECT A + 1 A, B - 1 B, B - A - 1 LENGHT, (SELECT TO_NUMBER(NRSEQUENCIAL) FROM NOVOCODIGO WHERE NRORG = "&GO9&" AND CDCONTADOR = '"&GO4&"') NOVOCODIGO FROM (SELECT 0 A, MIN("&GO5&") B FROM "&GO4&" WHERE NRORG = "&GO9&" UNION ALL SELECT "&GO5&", LEAD("&GO5&") OVER (ORDER BY "&GO5&") FROM "&GO4&" WHERE NRORG = "&GO9&" ) WHERE B - A > "&GO8&" OR B IS NULL ORDER BY A;" -> /*CONTCORRPARC*/ SELECT A + 1 A, B - 1 B, B - A - 1 LENGHT, (SELECT TO_NUMBER(NRSEQUENCIAL) FROM NOVOCODIGO WHERE NRORG = 5862 AND CDCONTADOR = 'CONTCORRPARC') NOVOCODIGO FROM (SELECT 0 A, MIN(NRCONTCORRPARC) B FROM CONTCORRPARC WHERE NRORG = 5862 UNION ALL SELECT NRCONTCORRPARC, LEAD(NRCONTCORRPARC) OVER (ORDER BY NRCONTCORRPARC) FROM CONTCORRPARC WHERE NRORG = 5862 ) WHERE B - A > 13 OR B IS NULL ORDER BY A; | GP2: ="/*"&GP4&"*/ SELECT A + 1 A, B - 1 B, B - A - 1 LENGHT, (SELECT TO_NUMBER(NRSEQUENCIAL) FROM NOVOCODIGO WHERE NRORG = "&GP9&" AND CDCONTADOR = '"&GP4&"') NOVOCODIGO FROM (SELECT 0 A, MIN("&GP5&") B FROM "&GP4&" WHERE NRORG = "&GP9&" UNION ALL SELECT "&GP5&", LEAD("&GP5&") OVER (ORDER BY "&GP5&") FROM "&GP4&" WHERE NRORG = "&GP9&" ) WHERE B - A > "&GP8&" OR B IS NULL ORDER BY A;" -> /*COMUNICAPARC*/ SELECT A + 1 A, B - 1 B, B - A - 1 LENGHT, (SELECT TO_NUMBER(NRSEQUENCIAL) FROM NOVOCODIGO WHERE NRORG = 5862 AND CDCONTADOR = 'COMUNICAPARC') NOVOCODIGO FROM (SELECT 0 A, MIN(NRCOMUNICAPARC) B FROM COMUNICAPARC WHERE NRORG = 5862 UNION ALL SELECT NRCOMUNICAPARC, LEAD(NRCOMUNICAPARC) OVER (ORDER BY NRCOMUNICAPARC) FROM COMUNICAPARC WHERE NRORG = 5862 ) WHERE B - A > 2 OR B IS NULL ORDER BY A; | GQ2: ="/*"&GQ4&"*/ SELECT A + 1 A, B - 1 B, B - A - 1 LENGHT, (SELECT TO_NUMBER(NRSEQUENCIAL) FROM NOVOCODIGO WHERE NRORG = "&GQ9&" AND CDCONTADOR = '"&GQ4&"') NOVOCODIGO FROM (SELECT 0 A, MIN("&GQ5&") B FROM "&GQ4&" WHERE NRORG = "&GQ9&" UNION ALL SELECT "&GQ5&", LEAD("&GQ5&") OVER (ORDER BY "&GQ5&") FROM "&GQ4&" WHERE NRORG = "&GQ9&" ) WHERE B - A > "&GQ8&" OR B IS NULL ORDER BY A;" -> /*ENDERECOPARC*/ SELECT A + 1 A, B - 1 B, B - A - 1 LENGHT, (SELECT TO_NUMBER(NRSEQUENCIAL) FROM NOVOCODIGO WHERE NRORG = 5862 AND CDCONTADOR = 'ENDERECOPARC') NOVOCODIGO FROM (SELECT 0 A, MIN(NRENDERECOPARC) B FROM ENDERECOPARC WHERE NRORG = 5862 UNION ALL SELECT NRENDERECOPARC, LEAD(NRENDERECOPARC) OVER (ORDER BY NRENDERECOPARC) FROM ENDERECOPARC WHERE NRORG = 5862 ) WHERE B - A > 27 OR B IS NULL ORDER BY A; | ... GS2: ="/*"&GS4&"*/ SELECT A + 1 A, B - 1 B, B - A - 1 LENGHT, (SELECT TO_NUMBER(NRSEQUENCIAL) FROM NOVOCODIGO WHERE NRORG = "&GS9&" AND CDCONTADOR = '"&GS4&"') NOVOCODIGO FROM (SELECT 0 A, MIN("&GS5&") B FROM "&GS4&" WHERE NRORG = "&GS9&" UNION ALL SELECT "&GS5&", LEAD("&GS5&") OVER (ORDER BY "&GS5&") FROM "&GS4&" WHERE NRORG = "&GS9&" ) WHERE B - A > "&GS8&" OR B IS NULL ORDER BY A;" -> /*GPE_MOVIMENTACAO*/ SELECT A + 1 A, B - 1 B, B - A - 1 LENGHT, (SELECT TO_NUMBER(NRSEQUENCIAL) FROM NOVOCODIGO WHERE NRORG = 5862 AND CDCONTADOR = 'GPE_MOVIMENTACAO') NOVOCODIGO FROM (SELECT 0 A, MIN(NRMOVIMENTACAO) B FROM GPE_MOVIMENTACAO WHERE NRORG = 5862 UNION ALL SELECT NRMOVIMENTACAO, LEAD(NRMOVIMENTACAO) OVER (ORDER BY NRMOVIMENTACAO) FROM GPE_MOVIMENTACAO WHERE NRORG = 5862 ) WHERE B - A > 63 OR B IS NULL ORDER BY A; | GU2: ="SELECT '--Diferenca: ' || (" & GU8 &" - COUNT(1)) || ' | Registros: ' || " & GU8 &" || '; Na base de dados: ' || COUNT(1) STATUS, '"&GU4&"' TABELA FROM "&GU4&" WHERE NRORG = "&GU9&" AND "&GU5&" BETWEEN "&GU6&" AND "&GU7&" UNION ALL " -> SELECT '--Diferenca: ' || (27 - COUNT(1)) || ' | Registros: ' || 27 || '; Na base de dados: ' || COUNT(1) STATUS, 'PARCNEGOCIO' TABELA FROM PARCNEGOCIO WHERE NRORG = 5862 AND NRPARCNEGOCIO BETWEEN 204 AND 230 UNION ALL | GV2: ="SELECT '--Diferenca: ' || (" & GV8 &" - COUNT(1)) || ' | Registros: ' || " & GV8 &" || '; Na base de dados: ' || COUNT(1) STATUS, '"&GV4&"' TABELA FROM "&GV4&" WHERE NRORG = "&GV9&" AND "&GV5&" BETWEEN "&GV6&" AND "&GV7&" UNION ALL " -> SELECT '--Diferenca: ' || (27 - COUNT(1)) || ' | Registros: ' || 27 || '; Na base de dados: ' || COUNT(1) STATUS, 'GPE_PESSOA' TABELA FROM GPE_PESSOA WHERE NRORG = 5862 AND NRPESSOA BETWEEN 1 AND 27 UNION ALL | GW2: ="SELECT '--Diferenca: ' || (" & GW8 &" - COUNT(1)) || ' | Registros: ' || " & GW8 &" || '; Na base de dados: ' || COUNT(1) STATUS, '"&GW4&"' TABELA FROM "&GW4&" WHERE NRORG = "&GW9&" AND "&GW5&" BETWEEN "&GW6&" AND "&GW7&" UNION ALL " -> SELECT '--Diferenca: ' || (27 - COUNT(1)) || ' | Registros: ' || 27 || '; Na base de dados: ' || COUNT(1) STATUS, 'GPE_PESSOAH' TABELA FROM GPE_PESSOAH WHERE NRORG = 5862 AND NRPESSOAH BETWEEN 1 AND 27 UNION ALL | GX2: ="SELECT '--Diferenca: ' || (" & GX8 &" - COUNT(1)) || ' | Registros: ' || " & GX8 &" || '; Na base de dados: ' || COUNT(1) STATUS, '"&GX4&"' TABELA FROM "&GX4&" WHERE NRORG = "&GX9&" AND "&GX5&" BETWEEN "&GX6&" AND "&GX7&" UNION ALL " -> SELECT '--Diferenca: ' || (27 - COUNT(1)) || ' | Registros: ' || 27 || '; Na base de dados: ' || COUNT(1) STATUS, 'GPE_VINCULOM' TABELA FROM GPE_VINCULOM WHERE NRORG = 5862 AND NRVINCULOM BETWEEN 1 AND 27 UNION ALL | GY2: ="SELECT '--Diferenca: ' || (" & GY8 &" - COUNT(1)) || ' | Registros: ' || " & GY8 &" || '; Na base de dados: ' || COUNT(1) STATUS, '"&GY4&"' TABELA FROM "&GY4&" WHERE NRORG = "&GY9&" AND "&GY5&" BETWEEN "&GY6&" AND "&GY7&" UNION ALL " -> SELECT '--Diferenca: ' || (27 - COUNT(1)) || ' | Registros: ' || 27 || '; Na base de dados: ' || COUNT(1) STATUS, 'GPE_ALTESITUFUNC' TABELA FROM GPE_ALTESITUFUNC WHERE NRORG = 5862 AND NRALTESITUFUNC BETWEEN 1 AND 27 UNION ALL | GZ2: ="SELECT '--Diferenca: ' || (" & GZ8 &" - COUNT(1)) || ' | Registros: ' || " & GZ8 &" || '; Na base de dados: ' || COUNT(1) STATUS, '"&GZ4&"' TABELA FROM "&GZ4&" WHERE NRORG = "&GZ9&" AND "&GZ5&" BETWEEN "&GZ6&" AND "&GZ7&" UNION ALL " -> SELECT '--Diferenca: ' || (13 - COUNT(1)) || ' | Registros: ' || 13 || '; Na base de dados: ' || COUNT(1) STATUS, 'CONTCORRPARC' TABELA FROM CONTCORRPARC WHERE NRORG = 5862 AND NRCONTCORRPARC BETWEEN 1 AND 13 UNION ALL | HA2: ="SELECT '--Diferenca: ' || (" & HA8 &" - COUNT(1)) || ' | Registros: ' || " & HA8 &" || '; Na base de dados: ' || COUNT(1) STATUS, '"&HA4&"' TABELA FROM "&HA4&" WHERE NRORG = "&HA9&" AND "&HA5&" BETWEEN "&HA6&" AND "&HA7&" UNION ALL " -> SELECT '--Diferenca: ' || (2 - COUNT(1)) || ' | Registros: ' || 2 || '; Na base de dados: ' || COUNT(1) STATUS, 'COMUNICAPARC' TABELA FROM COMUNICAPARC WHERE NRORG = 5862 AND NRCOMUNICAPARC BETWEEN 1 AND 2 UNION ALL | HB2: ="SELECT '--Diferenca: ' || (" & HB8 &" - COUNT(1)) || ' | Registros: ' || " & HB8 &" || '; Na base de dados: ' || COUNT(1) STATUS, '"&HB4&"' TABELA FROM "&HB4&" WHERE NRORG = "&HB9&" AND "&HB5&" BETWEEN "&HB6&" AND "&HB7&" UNION ALL " -> SELECT '--Diferenca: ' || (27 - COUNT(1)) || ' | Registros: ' || 27 || '; Na base de dados: ' || COUNT(1) STATUS, 'ENDERECOPARC' TABELA FROM ENDERECOPARC WHERE NRORG = 5862 AND NRENDERECOPARC BETWEEN 11 AND 37 UNION ALL | HC2: ="SELECT '--Diferenca: ' || (" & HC8 &" - COUNT(1)) || ' | Registros: ' || " & HC8 &" || '; Na base de dados: ' || COUNT(1) STATUS, '"&HC4&"' TABELA FROM "&HC4&" WHERE NRORG = "&HC9&" AND "&HC5&" BETWEEN "&HC6&" AND "&HC7&" UNION ALL " -> SELECT '--Diferenca: ' || (81 - COUNT(1)) || ' | Registros: ' || 81 || '; Na base de dados: ' || COUNT(1) STATUS, 'GPE_VINCULOH' TABELA FROM GPE_VINCULOH WHERE NRORG = 5862 AND NRVINCULOH BETWEEN 1 AND 81 UNION ALL | HD2: ="SELECT '--Diferenca: ' || (" & HD8 &" - COUNT(1)) || ' | Registros: ' || " & HD8 &" || '; Na base de dados: ' || COUNT(1) STATUS, '"&HD4&"' TABELA FROM "&HD4&" WHERE NRORG = "&HD9&" AND "&HD5&" BETWEEN "&HD6&" AND "&HD7&";" -> SELECT '--Diferenca: ' || (63 - COUNT(1)) || ' | Registros: ' || 63 || '; Na base de dados: ' || COUNT(1) STATUS, 'GPE_MOVIMENTACAO' TABELA FROM GPE_MOVIMENTACAO WHERE NRORG = 5862 AND NRMOVIMENTACAO BETWEEN 1 AND 63; | HF2: ="MERGE INTO NOVOCODIGO NC USING ( SELECT LPAD( MAX( "&HF5&" ) + 1, 20, '0' ) NRSEQUENCIAL FROM "&HF4&" WHERE NRORG = "&HF9&" ) TABELA ON ( NC.NRORG = "&HF9&" AND NC.CDCONTADOR = '"&HF4&"' ) WHEN MATCHED THEN UPDATE SET NC.NRSEQUENCIAL = TABELA.NRSEQUENCIAL WHEN NOT MATCHED THEN INSERT ( CDCONTADOR, NRSEQUENCIAL, NRORG, DTINCLUSAO ) VALUES ( '"&HF4&"', TABELA.NRSEQUENCIAL, "&HF9&", SYSDATE );" -> MERGE INTO NOVOCODIGO NC USING ( SELECT LPAD( MAX( NRPARCNEGOCIO ) + 1, 20, '0' ) NRSEQUENCIAL FROM PARCNEGOCIO WHERE NRORG = 5862 ) TABELA ON ( NC.NRORG = 5862 AND NC.CDCONTADOR = 'PARCNEGOCIO' ) WHEN MATCHED THEN UPDATE SET NC.NRSEQUENCIAL = TABELA.NRSEQUENCIAL WHEN NOT MATCHED THEN INSERT ( CDCONTADOR, NRSEQUENCIAL, NRORG, DTINCLUSAO ) VALUES ( 'PARCNEGOCIO', TABELA.NRSEQUENCIAL, 5862, SYSDATE ); | HG2: ="MERGE INTO NOVOCODIGO NC USING ( SELECT LPAD( MAX( "&HG5&" ) + 1, 20, '0' ) NRSEQUENCIAL FROM "&HG4&" WHERE NRORG = "&HG9&" ) TABELA ON ( NC.NRORG = "&HG9&" AND NC.CDCONTADOR = '"&HG4&"' ) WHEN MATCHED THEN UPDATE SET NC.NRSEQUENCIAL = TABELA.NRSEQUENCIAL WHEN NOT MATCHED THEN INSERT ( CDCONTADOR, NRSEQUENCIAL, NRORG, DTINCLUSAO ) VALUES ( '"&HG4&"', TABELA.NRSEQUENCIAL, "&HG9&", SYSDATE );" -> MERGE INTO NOVOCODIGO NC USING ( SELECT LPAD( MAX( NRPESSOA ) + 1, 20, '0' ) NRSEQUENCIAL FROM GPE_PESSOA WHERE NRORG = 5862 ) TABELA ON ( NC.NRORG = 5862 AND NC.CDCONTADOR = 'GPE_PESSOA' ) WHEN MATCHED THEN UPDATE SET NC.NRSEQUENCIAL = TABELA.NRSEQUENCIAL WHEN NOT MATCHED THEN INSERT ( CDCONTADOR, NRSEQUENCIAL, NRORG, DTINCLUSAO ) VALUES ( 'GPE_PESSOA', TABELA.NRSEQUENCIAL, 5862, SYSDATE ); | HH2: ="MERGE INTO NOVOCODIGO NC USING ( SELECT LPAD( MAX( "&HH5&" ) + 1, 20, '0' ) NRSEQUENCIAL FROM "&HH4&" WHERE NRORG = "&HH9&" ) TABELA ON ( NC.NRORG = "&HH9&" AND NC.CDCONTADOR = '"&HH4&"' ) WHEN MATCHED THEN UPDATE SET NC.NRSEQUENCIAL = TABELA.NRSEQUENCIAL WHEN NOT MATCHED THEN INSERT ( CDCONTADOR, NRSEQUENCIAL, NRORG, DTINCLUSAO ) VALUES ( '"&HH4&"', TABELA.NRSEQUENCIAL, "&HH9&", SYSDATE );" -> MERGE INTO NOVOCODIGO NC USING ( SELECT LPAD( MAX( NRPESSOAH ) + 1, 20, '0' ) NRSEQUENCIAL FROM GPE_PESSOAH WHERE NRORG = 5862 ) TABELA ON ( NC.NRORG = 5862 AND NC.CDCONTADOR = 'GPE_PESSOAH' ) WHEN MATCHED THEN UPDATE SET NC.NRSEQUENCIAL = TABELA.NRSEQUENCIAL WHEN NOT MATCHED THEN INSERT ( CDCONTADOR, NRSEQUENCIAL, NRORG, DTINCLUSAO ) VALUES ( 'GPE_PESSOAH', TABELA.NRSEQUENCIAL, 5862, SYSDATE ); | HI2: ="MERGE INTO NOVOCODIGO NC USING ( SELECT LPAD( MAX( "&HI5&" ) + 1, 20, '0' ) NRSEQUENCIAL FROM "&HI4&" WHERE NRORG = "&HI9&" ) TABELA ON ( NC.NRORG = "&HI9&" AND NC.CDCONTADOR = '"&HI4&"' ) WHEN MATCHED THEN UPDATE SET NC.NRSEQUENCIAL = TABELA.NRSEQUENCIAL WHEN NOT MATCHED THEN INSERT ( CDCONTADOR, NRSEQUENCIAL, NRORG, DTINCLUSAO ) VALUES ( '"&HI4&"', TABELA.NRSEQUENCIAL, "&HI9&", SYSDATE );" -> MERGE INTO NOVOCODIGO NC USING ( SELECT LPAD( MAX( NRVINCULOM ) + 1, 20, '0' ) NRSEQUENCIAL FROM GPE_VINCULOM WHERE NRORG = 5862 ) TABELA ON ( NC.NRORG = 5862 AND NC.CDCONTADOR = 'GPE_VINCULOM' ) WHEN MATCHED THEN UPDATE SET NC.NRSEQUENCIAL = TABELA.NRSEQUENCIAL WHEN NOT MATCHED THEN INSERT ( CDCONTADOR, NRSEQUENCIAL, NRORG, DTINCLUSAO ) VALUES ( 'GPE_VINCULOM', TABELA.NRSEQUENCIAL, 5862, SYSDATE ); | HJ2: ="MERGE INTO NOVOCODIGO NC USING ( SELECT LPAD( MAX( "&HJ5&" ) + 1, 20, '0' ) NRSEQUENCIAL FROM "&HJ4&" WHERE NRORG = "&HJ9&" ) TABELA ON ( NC.NRORG = "&HJ9&" AND NC.CDCONTADOR = '"&HJ4&"' ) WHEN MATCHED THEN UPDATE SET NC.NRSEQUENCIAL = TABELA.NRSEQUENCIAL WHEN NOT MATCHED THEN INSERT ( CDCONTADOR, NRSEQUENCIAL, NRORG, DTINCLUSAO ) VALUES ( '"&HJ4&"', TABELA.NRSEQUENCIAL, "&HJ9&", SYSDATE );" -> MERGE INTO NOVOCODIGO NC USING ( SELECT LPAD( MAX( NRALTESITUFUNC ) + 1, 20, '0' ) NRSEQUENCIAL FROM GPE_ALTESITUFUNC WHERE NRORG = 5862 ) TABELA ON ( NC.NRORG = 5862 AND NC.CDCONTADOR = 'GPE_ALTESITUFUNC' ) WHEN MATCHED THEN UPDATE SET NC.NRSEQUENCIAL = TABELA.NRSEQUENCIAL WHEN NOT MATCHED THEN INSERT ( CDCONTADOR, NRSEQUENCIAL, NRORG, DTINCLUSAO ) VALUES ( 'GPE_ALTESITUFUNC', TABELA.NRSEQUENCIAL, 5862, SYSDATE ); | HK2: ="MERGE INTO NOVOCODIGO NC USING ( SELECT LPAD( MAX( "&HK5&" ) + 1, 20, '0' ) NRSEQUENCIAL FROM "&HK4&" WHERE NRORG = "&HK9&" ) TABELA ON ( NC.NRORG = "&HK9&" AND NC.CDCONTADOR = '"&HK4&"' ) WHEN MATCHED THEN UPDATE SET NC.NRSEQUENCIAL = TABELA.NRSEQUENCIAL WHEN NOT MATCHED THEN INSERT ( CDCONTADOR, NRSEQUENCIAL, NRORG, DTINCLUSAO ) VALUES ( '"&HK4&"', TABELA.NRSEQUENCIAL, "&HK9&", SYSDATE );" -> MERGE INTO NOVOCODIGO NC USING ( SELECT LPAD( MAX( NRCONTCORRPARC ) + 1, 20, '0' ) NRSEQUENCIAL FROM CONTCORRPARC WHERE NRORG = 5862 ) TABELA ON ( NC.NRORG = 5862 AND NC.CDCONTADOR = 'CONTCORRPARC' ) WHEN MATCHED THEN UPDATE SET NC.NRSEQUENCIAL = TABELA.NRSEQUENCIAL WHEN NOT MATCHED THEN INSERT ( CDCONTADOR, NRSEQUENCIAL, NRORG, DTINCLUSAO ) VALUES ( 'CONTCORRPARC', TABELA.NRSEQUENCIAL, 5862, SYSDATE ); | HL2: ="MERGE INTO NOVOCODIGO NC USING ( SELECT LPAD( MAX( "&HL5&" ) + 1, 20, '0' ) NRSEQUENCIAL FROM "&HL4&" WHERE NRORG = "&HL9&" ) TABELA ON ( NC.NRORG = "&HL9&" AND NC.CDCONTADOR = '"&HL4&"' ) WHEN MATCHED THEN UPDATE SET NC.NRSEQUENCIAL = TABELA.NRSEQUENCIAL WHEN NOT MATCHED THEN INSERT ( CDCONTADOR, NRSEQUENCIAL, NRORG, DTINCLUSAO ) VALUES ( '"&HL4&"', TABELA.NRSEQUENCIAL, "&HL9&", SYSDATE );" -> MERGE INTO NOVOCODIGO NC USING ( SELECT LPAD( MAX( NRCOMUNICAPARC ) + 1, 20, '0' ) NRSEQUENCIAL FROM COMUNICAPARC WHERE NRORG = 5862 ) TABELA ON ( NC.NRORG = 5862 AND NC.CDCONTADOR = 'COMUNICAPARC' ) WHEN MATCHED THEN UPDATE SET NC.NRSEQUENCIAL = TABELA.NRSEQUENCIAL WHEN NOT MATCHED THEN INSERT ( CDCONTADOR, NRSEQUENCIAL, NRORG, DTINCLUSAO ) VALUES ( 'COMUNICAPARC', TABELA.NRSEQUENCIAL, 5862, SYSDATE ); | HM2: ="MERGE INTO NOVOCODIGO NC USING ( SELECT LPAD( MAX( "&HM5&" ) + 1, 20, '0' ) NRSEQUENCIAL FROM "&HM4&" WHERE NRORG = "&HM9&" ) TABELA ON ( NC.NRORG = "&HM9&" AND NC.CDCONTADOR = '"&HM4&"' ) WHEN MATCHED THEN UPDATE SET NC.NRSEQUENCIAL = TABELA.NRSEQUENCIAL WHEN NOT MATCHED THEN INSERT ( CDCONTADOR, NRSEQUENCIAL, NRORG, DTINCLUSAO ) VALUES ( '"&HM4&"', TABELA.NRSEQUENCIAL, "&HM9&", SYSDATE );" -> MERGE INTO NOVOCODIGO NC USING ( SELECT LPAD( MAX( NRENDERECOPARC ) + 1, 20, '0' ) NRSEQUENCIAL FROM ENDERECOPARC WHERE NRORG = 5862 ) TABELA ON ( NC.NRORG = 5862 AND NC.CDCONTADOR = 'ENDERECOPARC' ) WHEN MATCHED THEN UPDATE SET NC.NRSEQUENCIAL = TABELA.NRSEQUENCIAL WHEN NOT MATCHED THEN INSERT ( CDCONTADOR, NRSEQUENCIAL, NRORG, DTINCLUSAO ) VALUES ( 'ENDERECOPARC', TABELA.NRSEQUENCIAL, 5862, SYSDATE ); | ... HO2: ="MERGE INTO NOVOCODIGO NC USING ( SELECT LPAD( MAX( "&HO5&" ) + 1, 20, '0' ) NRSEQUENCIAL FROM "&HO4&" WHERE NRORG = "&HO9&" ) TABELA ON ( NC.NRORG = "&HO9&" AND NC.CDCONTADOR = '"&HO4&"' ) WHEN MATCHED THEN UPDATE SET NC.NRSEQUENCIAL = TABELA.NRSEQUENCIAL WHEN NOT MATCHED THEN INSERT ( CDCONTADOR, NRSEQUENCIAL, NRORG, DTINCLUSAO ) VALUES ( '"&HO4&"', TABELA.NRSEQUENCIAL, "&HO9&", SYSDATE );" -> MERGE INTO NOVOCODIGO NC USING ( SELECT LPAD( MAX( NRMOVIMENTACAO ) + 1, 20, '0' ) NRSEQUENCIAL FROM GPE_MOVIMENTACAO WHERE NRORG = 5862 ) TABELA ON ( NC.NRORG = 5862 AND NC.CDCONTADOR = 'GPE_MOVIMENTACAO' ) WHEN MATCHED THEN UPDATE SET NC.NRSEQUENCIAL = TABELA.NRSEQUENCIAL WHEN NOT MATCHED THEN INSERT ( CDCONTADOR, NRSEQUENCIAL, NRORG, DTINCLUSAO ) VALUES ( 'GPE_MOVIMENTACAO', TABELA.NRSEQUENCIAL, 5862, SYSDATE ); | HP2: COMMIT;
A3: 23/02/2026 | C3: 290000-0-01643 | D3: =IF(B3="",1,13) -> 1 | E3: 000001 | F3: 01/01/2000 | G3: NUNCA | H3: DENISE DA CUNHA NASCIMENTO | I3: S | J3: 93313764215 | K3: 1455296 | L3: 0030 | M3: PA | N3: 05/02/2009 | O3: 13666196429 | Q3: 5378686 | R3: SSP | S3: PA | T3: 13/07/2011 | U3: 052779011376 | V3: 28 | W3: 73 | AC3: 5 | AD3: 1058 | AE3: PA | AF3: Belem | AG3: 18/11/1986 | AH3: F | AI3: SAL1 | AJ3: 237 | AK3: 2156 | AL3: 673315 | AM3: 2 | AN3: 1 | AO3: MENSAL | AP3: est_MATSAUDE | AQ3: dep_290000 | AR3: 0055 | AS3: PA | AT3: Belem | AU3: R | AV3: 01 / CONJUNTO COAB GLEBA 01 | AW3: 80 | AX3: MARAMBAIA | AZ3: 66623250 | BA3: 1 | BC3: 23/02/2026 | BF3: 0048-2 | BG3: UNICO | BJ3: COREN-PA 362.838 - COREN-PA 035.838 ( ESPECIALISTA) POS Graduada EM Enfermagem Obstetrica e ginecologica- 2017INTEGRACAO - 12/02/14Adevertencia Verbal: Descumprimento as normas internas da enfermagem - 14/05/2014Certidao Negativa-2016 | BM3: 08/04/2026 | BN3: 1 | BO3: 1 | BP3: 23/02/2026 | BQ3: 0 | BR3: 0 | BS3: 1 | BT3: 9 | BU3: sin_02 | BV3: 45 | BW3: 0 | BX3: 23/02/2027 | BZ3: -1 | CC3: 1 | CD3: 32437120 | CE3: nascimento.denisec@gmail.com | CF3: 2590.12 | CG3: ANTONIO WALTER LOPES NASCIMENTO | CH3: IRAJARA DE FATIMA DA CUNHA NASCIMENTO | CI3: 91 | CJ3: 91 | CK3: 983215560 | CM3: Não excluir antes | CN3: Este campo deve ser texto! | CO3: Este campo deve ser texto! | CP3: =CP2+1 -> 204 | CQ3: =CQ2+1 -> 1 | CR3: =CR2+1 -> 1 | CS3: =CS2+1 -> 1 | CT3: =CT2 -> 1 | CU3: =CU2 -> 2 | CV3: =CV2 -> 3 | CW3: =CW2+1 -> 1 | CX3: =IF( COUNTA( AJ3:AL3 ) <> 3, CX2, CX2 + 1 ) -> 1 | CY3: =IF( TRIM( CD3 ) = "", CY2, CY2 + 1 ) -> 1 | CZ3: =IF( TRIM( CK3 ) = "", CZ2, CZ2 + 1 ) -> 3 | DA3: =IF( TRIM( CE3 ) = "", DA2, DA2 + 1 ) -> 30 | DB3: =DB2+1 -> 11 | DC3: =IF( OR( AP3 = "", FT3 <> "existe" ), "", LARGE( DC$2:DC2, 1 ) + 1 ) -> 1 | DD3: =IF( OR( AQ3 = "", FX3 <> "existe" ), "", LARGE( DD$2:DD2, 1 ) + 1 ) -> 28 | DE3: =IF( OR( BU3 = "", GB3 <> "existe" ), "", LARGE( DE$2:DE2, 1 ) + 1 ) -> 55 | DF3: =TRIM(UPPER(G3)) -> NUNCA | DG3: {=UPPER( MIG_REMOVE.ESPECIAL(AF3) )} -> BELEM | DH3: =IF(TRIM(AN3) = "", "", TRIM(AN3)*1) -> 1 | DI3: =UPPER( MID( SUBSTITUTE( SUBSTITUTE( SUBSTITUTE(AU3, "Ç", "C"), "Ã", "A"), "Á", "A"), 1, 4) ) -> R | DJ3: =TRIM(SUBSTITUTE(SUBSTITUTE(AV3,"'",""),"&","")) -> 01 / CONJUNTO COAB GLEBA 01 | DK3: =TRIM(SUBSTITUTE(SUBSTITUTE(AX3,"'",""),"&","")) -> MARAMBAIA | DL3: =TRIM(SUBSTITUTE(SUBSTITUTE(AY3,"'",""),"&","")) | DM3: =TRIM(SUBSTITUTE(SUBSTITUTE(AZ3,"'",""),"&","")) -> 66623250 | DN3: =BF3 -> 0048-2 | DO3: =TRIM(BQ3) -> 0 | DP3: =TRIM(BR3) -> 0 | DQ3: =IFERROR( SUBSTITUTE( SUBSTITUTE( SUBSTITUTE( SUBSTITUTE( AB3, ".", "" ), ",", "" ), "-", "" ), " ", "" ) * 1, "" ) | DR3: =TRIM(SUBSTITUTE(SUBSTITUTE(Q3,"'",""),"+","")) -> 5378686 | DS3: =TEXT(AJ3,"000") -> 237 | DT3: =UPPER( MID( SUBSTITUTE( TRIM( AK3 ), "-", "" ), 1, 5 ) ) -> 2156 | DU3: =UPPER( SUBSTITUTE( TRIM( AL3 ), "-", "" ) ) -> 673315 | DV3: =TEXT(AR3,"0000") -> 0055 | DW3: =UPPER( TRIM(SUBSTITUTE(SUBSTITUTE(AT3,"'",""),"&","")) ) -> BELEM | DX3: {=TEXT( MIG_NORMA.NÚMERICO( J3 ), "00000000000" )} -> 93313764215 | DY3: {=TEXT( MIG_NORMA.NÚMERICO( K3 ), "0000000" )} -> 1455296 | DZ3: =IF(TRIM(A3)="","",TEXT(TRIM(A3),"DD/MM/AAAA")) -> 23/02/2026 | EA3: =IF(TRIM(B3)="","",TEXT(TRIM(B3),"DD/MM/AAAA")) | EB3: =IF(TRIM(AG3)="","",TEXT(TRIM(AG3),"DD/MM/AAAA")) -> 18/11/1986 | EC3: =IF(TRIM(N3)="","",TEXT(TRIM(N3),"DD/MM/AAAA")) -> 05/02/2009 | ED3: =IF(TRIM(P3)="","",TEXT(TRIM(P3),"DD/MM/AAAA")) | EE3: =IF(TRIM(Y3)="","",TEXT(TRIM(Y3),"DD/MM/AAAA")) | EF3: =IF(TRIM(T3)="","",TEXT(TRIM(T3),"DD/MM/AAAA")) -> 13/07/2011 | EG3: =IF(TRIM(BC3)="","",TEXT(TRIM(BC3),"DD/MM/AAAA")) -> 23/02/2026 | EH3: =IF(TRIM(BD3)="","",TEXT(TRIM(BD3),"DD/MM/AAAA")) | EI3: =IF(TRIM(BE3)="","",TEXT(TRIM(BE3),"DD/MM/AAAA")) | EJ3: =IF(TRIM(BX3)="","",TEXT(TRIM(BX3),"DD/MM/AAAA")) -> 23/02/2027 | EK3: =IF(TRIM(BY3)="","",TEXT(TRIM(BY3),"DD/MM/AAAA")) | EL3: =IF(TRIM(BK3)="","",TEXT(TRIM(BK3),"DD/MM/AAAA")) | EM3: =IF(TRIM(BP3)="","",TEXT(TRIM(BP3),"DD/MM/AAAA")) -> 23/02/2026 | EN3: =IF(EA3="",DZ3,EA3) -> 23/02/2026 | EO3: =IF(TRIM(BM3)="","",TEXT(TRIM(BM3),"DD/MM/AAAA")) -> 08/04/2026 | EP3: =MID(TRIM(AA3),1,20) | EQ3: =SUBSTITUTE(SUBSTITUTE(SUBSTITUTE(SUBSTITUTE(SUBSTITUTE(SUBSTITUTE(SUBSTITUTE($EQ$2,"@NRORG@",$CM$2),$CP$1,CP3),$H$1,H3),$EB$1,EB3),$J$1,J3),$CP$1,CP3),$DX$1,DX3) -> INSERT INTO PARCNEGOCIO ( NRPARCNEGOCIO, NRORG, NMPRINCIPALPARC, NMSECUNDARIPARC, DTNASCIFUNDPARC, NRINSCRICAOPARC, IDATIVO, DTINCLUSAO, NRORGINCLUSAO, CDOPERINCLUSAO, CDTIPOPARCPRINCIPAL, CDTIPOINSCRICAO, IDPESSOAFISICA, IDINSTITUICAO, IDPARCFUNDIDO ) VALUES ( 204, 5862, 'DENISE DA CUNHA NASCIMENTO', 'DENISE DA CUNHA NASCIMENTO', '18/11/1986', '93313764215', 'S', SYSDATE, 5862, '000000099991', 'PESSOA', 'CPF', 'S', 'N', 'N' ); | ER3: =SUBSTITUTE(SUBSTITUTE(SUBSTITUTE($ER$2,"@NRORG@",$CM$2),$CQ$1,CQ3),$CP$1,CP3) -> INSERT INTO GPE_PESSOA ( NRPESSOA, NRORG, NRPARCNEGOCIO, DTINCLUSAO, NRORGINCLUSAO, CDOPERINCLUSAO ) VALUES ( 1, 5862, 204, SYSDATE, 5862, '000000099991' ); | ES3: =SUBSTITUTE( SUBSTITUTE( SUBSTITUTE( SUBSTITUTE( SUBSTITUTE( SUBSTITUTE( SUBSTITUTE( SUBSTITUTE( SUBSTITUTE( SUBSTITUTE( SUBSTITUTE( SUBSTITUTE( SUBSTITUTE( SUBSTITUTE( SUBSTITUTE( SUBSTITUTE( SUBSTITUTE( SUBSTITUTE( SUBSTITUTE( SUBSTITUTE( SUBSTITUTE( SUBSTITUTE( SUBSTITUTE( SUBSTITUTE( SUBSTITUTE( SUBSTITUTE( SUBSTITUTE( SUBSTITUTE( SUBSTITUTE( SUBSTITUTE( SUBSTITUTE( SUBSTITUTE( SUBSTITUTE( $ES$2, "@NRORG@", $CM$2 ), "@NRPESSOAH@", $CR3 ), "@NRPESSOA@", $CQ3 ), "@NOMEVINC@", $H3 ), "@CDESTACIVIL@", $I3 ), "@CPF@", $DX3 ), "@CTPS@", $DY3 ), "@SERIECTPS@", $L3 ), "@UFCTPS@", $M3 ), "@DTCTPS@", $EC3 ), "@PIS@", $O3 ), "@DTPIS@", $ED3 ), "@TITUELEI@", $U3 ), "@SECAOELEI@", $V3 ), "@ZONAELEI@", $W3 ), "@CNH@", $X3 ), "@DTVALCNH@", $EE3 ), "@CATCNH@", $Z3 ), "@NRCATMILITARPE@", $DQ3 ), "@NRCERTRESE@", $EP3 ), "@NRRACA@", $AC3 ), "@CDPAIS@", $AD3 ), "@SGESTADO@", $AE3 ), "@NMMUNICIPIO@", $DG3 ), "@DTNASCI@", $EB3 ), "@IDSEXO@", $AH3 ), "@NRRG@", $DR3 ), "@CDEXRG@", SUBSTITUTE($R3,"'","") ), "@UFRG@", $S3 ), "@DTEXRG@", $EF3 ), "@NRNACIONALID@", $DH3 ), "@NRGRAUINSTR@", $BT3 ),"@NRCONDFISPES@", $CC3 ) -> INSERT INTO GPE_PESSOAH ( NRPESSOAH, NRPESSOA, NRORG, DTMESCOMPETENC, NMPESSOA, CDESTACIVIL, NRCPFPESSOA, NRCTPSPESSOA, NRSERIECTPSPES, SGUFCTPSPES, DTCTPSPESSOA, NRPISPASEPPES, DTINSCPISPASEP, NRTITUELEIPES, NRSECAELEIPES, NRZONAELEIPES, NRCARTHABPES, DTVALHABCARTPES, DSCATEGHABCART, NRCATMILITARPE, NRCERTRESEPES, DTINCLUSAO, NRORGINCLUSAO, CDOPERINCLUSAO, NRRACAPESSOA, CDPAIS, SGESTADO, CDMUNICIPIO, DTNASCPESSOA, IDSEXOPESSOA, NRRGPESSOA, CDEXRGPESSOA, SGUFRGPESSOA, DTEXRGPESSOA, NRNACIONALID, NRGRAUINSTR, NRCONDFISPES ) VALUES ( 1, 1, 5862, '01/01/2000', 'DENISE DA CUNHA NASCIMENTO', 'S', '93313764215', '1455296', '0030', 'PA', '05/02/2009', '13666196429', '', '052779011376', '28', '73', '', '', '', (SELECT NRCATMILITARPE FROM GPE_CATMILITARPE WHERE NRCATMILITARPE = ''), '', SYSDATE, 5862, '000000099991', '5', '1058', 'PA', (SELECT MAX(CDMUNICIPIO) FROM MUNICIPIO WHERE NMMUNICIPIO = 'BELEM'), '18/11/1986', 'F', '5378686', 'SSP', 'PA', '13/07/2011', '1', '9' , '1'); | ET3: =SUBSTITUTE(SUBSTITUTE(SUBSTITUTE(SUBSTITUTE(SUBSTITUTE(SUBSTITUTE(SUBSTITUTE(SUBSTITUTE(SUBSTITUTE(SUBSTITUTE(SUBSTITUTE(SUBSTITUTE(SUBSTITUTE(SUBSTITUTE(SUBSTITUTE(SUBSTITUTE(SUBSTITUTE(SUBSTITUTE(SUBSTITUTE(SUBSTITUTE(SUBSTITUTE($ET$2,"@NRORG@",$CM$2),$CS$1,CS3),$CQ$1,CQ3),$C$1,C3),$DZ$1,DZ3),$EA$1,EA3),$BA$1,BA3),$BN$1,BN3),$BO$1,BO3),$BB$1,BB3),$EG$1,EG3),$EH$1,EH3),$EI$1,EI3),$H$1,H3),$BI$1,BI3),$BJ$1,BJ3),$EL$1,EL3),$BV$1,BV3),$BW$1,BW3),$EJ$1,EJ3),$EK$1,EK3) -> INSERT INTO GPE_VINCULOM (NRVINCULOM, NRPESSOA, NRORG, CDMATRICULA, DTADMISSAOVINC, DTRESCISAOVINC, DTINCLUSAO, NRORGINCLUSAO, CDOPERINCLUSAO, NRTIPOVINCULOM, NRVINCULOEMPREG, NRTPADMISSAO, NRTPDEMISSAO, DTOPCAOFGTS, DTAPOSENTAFGTS, DTPRIMADMISSAO, NMVINCULOM, NRMOTIVORESC, DSOBSRESCISAO, DTAVISOPREVIO, NRDIASCONTRATOEXP, NRDIASCONTRATOEXPPRO, DTEXAMEMEDICO, DTAVISOTRCT) VALUES (1, 1, 5862, '290000-0-01643', '23/02/2026', '', SYSDATE, 5862, '000000099991', '1', '1', '1', '', '23/02/2026', '', '', 'DENISE DA CUNHA NASCIMENTO', '', 'COREN-PA 362.838 - COREN-PA 035.838 ( ESPECIALISTA) POS Graduada EM Enfermagem Obstetrica e ginecologica- 2017INTEGRACAO - 12/02/14Adevertencia Verbal: Descumprimento as normas internas da enfermagem - 14/05/2014Certidao Negativa-2016', '', '45', '0', '23/02/2027', ''); | EU3: =SUBSTITUTE( SUBSTITUTE( SUBSTITUTE( SUBSTITUTE( SUBSTITUTE( SUBSTITUTE( SUBSTITUTE( SUBSTITUTE( SUBSTITUTE( SUBSTITUTE( SUBSTITUTE( SUBSTITUTE( SUBSTITUTE( SUBSTITUTE( SUBSTITUTE( SUBSTITUTE( SUBSTITUTE( SUBSTITUTE( SUBSTITUTE( SUBSTITUTE( SUBSTITUTE( $EU$2, "@NRORG@", $CM$2 ), "@NRVINCULOH@", $CT3 ), "@NRVINCULOM@", $CS3 ), "@NRSITUFUNCM@", $D3 ), "@OCUPACAO@", $DN3 ), "@IDCONTRIBUISIND@", $DF3 ), "@NRDEPENDIR@", $DO3 ), "@NRDEPENDSFAM@", $DP3 ), "@DTBASEFERIAS@", $EM3 ), "@IDREMUNERACAO@", $AI3 ), "@IDTPPAGAMENTO@", $AO3 ), "@ESTRUTLEGAL@", $AP3 ), "@ESTRUTGEREN@", $AQ3 ), "@ESTRUTSIND@", $BU3 ), "@NRTPMODALIDSAL@", $BS3 ), "@IDMULTVINC@", $BG3 ), "@CDCONTRIBINDIVIDUAL@", $BH3 ), "@DTFIMCONTRDETERMIN@", $EO3 ), "@NRESCALATRABM@", $E3 ), "@CORINGASIND@", $GF$8 ), "@CORINGAGEREN@", $GF$6 ) -> INSERT INTO GPE_VINCULOH (NRVINCULOH, NRVINCULOM, NRSITUFUNCM, NRCARGO, NRFUNCAO, NRORG, DTMESCOMPETENC, IDCONTRIBUISIND, DTINCLUSAO, NRORGINCLUSAO, CDOPERINCLUSAO, NRDEPENDIR, NRDEPENDSFAM, DTBASEFERIAS, IDREMUNERACAO, IDTPPAGAMENTO, NRESTRUTLEGAL, NRESTRUTGEREN, NRESTRUTSIND, NRTPMODALIDSAL, IDMULTVINC, CDCONTRIBINDIVIDUAL, NRTPMOVTRANSFM, DTFIMCONTRDETERMIN, CONFIDENCIAL, NRESCALATRABM) VALUES (1, 1, '1', (SELECT MAX(NROCUPACAOM) FROM GPE_OCUPACAOH WHERE NRORG = 5862 AND CDINTEGRACAO = '0048-2'), (SELECT MAX(NROCUPACAOM) FROM GPE_OCUPACAOH WHERE NRORG = 5862 AND CDINTEGRACAO = '0048-2'), 5862, '01/01/2000', 'NUNCA', SYSDATE, 5862, '000000099991', '0', '0', '23/02/2026', 'SAL1', 'MENSAL', (SELECT MAX(NRESTRUTURAM) FROM ESTRUTURAM WHERE NRORG = 5862 AND CDINTESTRUTURA = 'est_MATSAUDE'), NVL((SELECT MAX(NRESTRUTURAM) FROM ESTRUTURAM WHERE NRORG = 5862 AND CDINTESTRUTURA = 'dep_290000'), 999992), NVL((SELECT MAX(NRESTRUTURAM) FROM ESTRUTURAM WHERE NRORG = 5862 AND CDINTESTRUTURA = 'sin_02'), 999993), '1', 'UNICO', '', 2, '08/04/2026', 'N', (SELECT MAX(NRESCALATRABM) FROM GPE_ESCALATRABH WHERE NRORG = 5862 AND NRESCALATRABM = '000001') ); | EV3: =SUBSTITUTE(SUBSTITUTE(SUBSTITUTE(SUBSTITUTE(SUBSTITUTE($EV$2,"@NRORG@",$CM$2),$CT$1,CT3),$CU$1,CU3),$CV$1,CV3),$CN$1,$CN$2) -> INSERT INTO GPE_VINCULOH (NRVINCULOH, NRVINCULOM, NRSITUFUNCM, NRCARGO, NRFUNCAO, NRORG, DTMESCOMPETENC, IDCONTRIBUISIND, DTINCLUSAO, NRORGINCLUSAO, CDOPERINCLUSAO, NRDEPENDIR, NRDEPENDSFAM, DTBASEFERIAS, IDREMUNERACAO, IDTPPAGAMENTO, NRESTRUTLEGAL, NRESTRUTGEREN, NRESTRUTSIND, NRTPMODALIDSAL, IDMULTVINC, CDCONTRIBINDIVIDUAL, NRTPMOVTRANSFM, DTFIMCONTRDETERMIN, CONFIDENCIAL, NRESCALATRABM) SELECT 2 NRVINCULOH, NRVINCULOM, NRSITUFUNCM, NRCARGO, NRFUNCAO, NRORG, '01/01/2024' DTMESCOMPETENC, IDCONTRIBUISIND, SYSDATE DTINCLUSAO, NRORGINCLUSAO, CDOPERINCLUSAO, NRDEPENDIR, NRDEPENDSFAM, DTBASEFERIAS, IDREMUNERACAO, IDTPPAGAMENTO, NRESTRUTLEGAL, NRESTRUTGEREN, NRESTRUTSIND, NRTPMODALIDSAL, IDMULTVINC, CDCONTRIBINDIVIDUAL, NRTPMOVTRANSFM, DTFIMCONTRDETERMIN, CONFIDENCIAL, NRESCALATRABM FROM GPE_VINCULOH WHERE NRORG = 5862 AND NRVINCULOH = 1; | EW3: =SUBSTITUTE(SUBSTITUTE(SUBSTITUTE(SUBSTITUTE(SUBSTITUTE($EW$2,"@NRORG@",$CM$2),$CT$1,CT3),$CV$1,CV3),$CV$1,CV3),$CO$1,$CO$2) -> INSERT INTO GPE_VINCULOH (NRVINCULOH, NRVINCULOM, NRSITUFUNCM, NRCARGO, NRFUNCAO, NRORG, DTMESCOMPETENC, IDCONTRIBUISIND, DTINCLUSAO, NRORGINCLUSAO, CDOPERINCLUSAO, NRDEPENDIR, NRDEPENDSFAM, DTBASEFERIAS, IDREMUNERACAO, IDTPPAGAMENTO, NRESTRUTLEGAL, NRESTRUTGEREN, NRESTRUTSIND, NRTPMODALIDSAL, IDMULTVINC, CDCONTRIBINDIVIDUAL, NRTPMOVTRANSFM, DTFIMCONTRDETERMIN, CONFIDENCIAL, NRESCALATRABM) SELECT 3 NRVINCULOH, NRVINCULOM, NRSITUFUNCM, NRCARGO, NRFUNCAO, NRORG, '01/01/2025' DTMESCOMPETENC, IDCONTRIBUISIND, SYSDATE DTINCLUSAO, NRORGINCLUSAO, CDOPERINCLUSAO, NRDEPENDIR, NRDEPENDSFAM, DTBASEFERIAS, IDREMUNERACAO, IDTPPAGAMENTO, NRESTRUTLEGAL, NRESTRUTGEREN, NRESTRUTSIND, NRTPMODALIDSAL, IDMULTVINC, CDCONTRIBINDIVIDUAL, NRTPMOVTRANSFM, DTFIMCONTRDETERMIN, CONFIDENCIAL, NRESCALATRABM FROM GPE_VINCULOH WHERE NRORG = 5862 AND NRVINCULOH = 1; | EX3: =SUBSTITUTE(SUBSTITUTE(SUBSTITUTE(SUBSTITUTE(SUBSTITUTE(SUBSTITUTE($EX$2,"@NRORG@",$CM$2),$CW$1,CW3),$D$1,D3),$CS$1,CS3),$EN$1,EN3),$EA$1,EA3) -> INSERT INTO GPE_ALTESITUFUNC ( NRALTESITUFUNC, NRORG, NRSITUFUNCM, NRVINCULOM, DTINISITUFUNC, DTINCLUSAO, NRORGINCLUSAO, CDOPERINCLUSAO ) VALUES ( 1, 5862, (CASE WHEN '1' IS NOT NULL THEN '1' WHEN '' IS NULL THEN '1' ELSE '13' END), 1, '23/02/2026', SYSDATE, 5862, '000000099991' ); | EY3: =IF(COUNTA(AJ3:AL3)<>3,"",SUBSTITUTE(SUBSTITUTE(SUBSTITUTE(SUBSTITUTE(SUBSTITUTE(SUBSTITUTE(SUBSTITUTE($EY$2,"@NRORG@",$CM$2),$CX$1,CX3),$CP$1,CP3),$DS$1,DS3),$DT$1,DT3),$DU$1,DU3),$AM$1,AM3)) -> INSERT INTO CONTCORRPARC ( NRCONTCORRPARC, NRORG, NRPARCNEGOCIO, CDBANCO, CDAGENCIA, CDCONTCORR, NRTPCONTCORR, DTINCLUSAO, NRORGINCLUSAO, CDOPERINCLUSAO, IDATIVO ) VALUES ( 1, 5862, 204, '237', '2156', '673315', '2', SYSDATE, 5862, '000000099991', 'S' ); | EZ3: =IF(CD3="","",SUBSTITUTE(SUBSTITUTE(SUBSTITUTE(SUBSTITUTE(SUBSTITUTE($EZ$2,"@NRORG@",$CM$2),$CY$1,CY3),$CP$1,CP3),$CD$1,CD3),$CI$1,TRIM(CI3))) -> INSERT INTO COMUNICAPARC ( NRCOMUNICAPARC, NRPARCNEGOCIO, CDFORMACOMU, CDPREFIXCOMUPARC, CDCOMUNICAPARC, NRORG, IDATIVO, DTINCLUSAO, NRORGINCLUSAO, CDOPERINCLUSAO ) VALUES ( 1, 204, '01', '91', '32437120', 5862, 'S', SYSDATE, 5862, '000000099991' ); | FA3: =IF($CK3="","",SUBSTITUTE(SUBSTITUTE(SUBSTITUTE(SUBSTITUTE(SUBSTITUTE($FA$2,"@NRORG@",$CM$2),$CZ$1,$CZ3),$CP$1,$CP3),$CK$1,SUBSTITUTE(TRIM($CK3),"'","")),$CJ$1,TRIM(SUBSTITUTE($CJ3,"'","")))) -> INSERT INTO COMUNICAPARC ( NRCOMUNICAPARC, NRPARCNEGOCIO, CDFORMACOMU, CDPREFIXCOMUPARC, CDCOMUNICAPARC, NRORG, IDATIVO, DTINCLUSAO, NRORGINCLUSAO, CDOPERINCLUSAO ) VALUES ( 3, 204, '02', '91', '983215560', 5862, 'S', SYSDATE, 5862, '000000099991' ); | FB3: =IF(TRIM($CE3)="","",SUBSTITUTE(SUBSTITUTE(SUBSTITUTE(SUBSTITUTE($FB$2,"@NRORG@",$CM$2),$DA$1,$DA3),$CP$1,$CP3),$CE$1,SUBSTITUTE(TRIM($CE3),"'",""))) -> INSERT INTO COMUNICAPARC ( NRCOMUNICAPARC, NRPARCNEGOCIO, CDFORMACOMU, CDCOMUNICAPARC, NRORG, IDATIVO, DTINCLUSAO, NRORGINCLUSAO, CDOPERINCLUSAO ) VALUES ( 30, 204, '05', 'nascimento.denisec@gmail.com', 5862, 'S', SYSDATE, 5862, '000000099991' ); | FC3: =IF(AV3="","",SUBSTITUTE(SUBSTITUTE(SUBSTITUTE(SUBSTITUTE(SUBSTITUTE(SUBSTITUTE(SUBSTITUTE(SUBSTITUTE(SUBSTITUTE(SUBSTITUTE(SUBSTITUTE(SUBSTITUTE($FC$2,"@NRORG@",$CM$2),$DB$1,DB3),$CP$1,CP3),$DV$1,DV3),$DW$1,DW3),$DI$1,DI3),$DK$1,DK3),$DL$1,DL3),$DM$1,DM3),$DJ$1,DJ3),$AW$1,SUBSTITUTE(TRIM(AW3),"'","")),$AS$1,AS3)) -> INSERT INTO ENDERECOPARC ( NRENDERECOPARC, NRPARCNEGOCIO, CDTIPOENDERECO, NRORG, IDATIVO, DTINCLUSAO, NRORGINCLUSAO, CDOPERINCLUSAO, CDPAIS, CDMUNICIPIO, CDLOGRADOURO, NMBAIRROENDERECO, DSCOMPLEENDERECO, NRCEPENDERECO, DSENDERECO, NRIMOVELENDERECO, SGESTADO ) VALUES ( 11, 204, 'PRINCIPAL', 5862, 'S', SYSDATE, 5862, '000000099991', '0055', ( SELECT MAX(CDMUNICIPIO) FROM MUNICIPIO WHERE NMMUNICIPIO = 'BELEM' AND SGESTADO = 'PA' ), 'R', 'MARAMBAIA', '', '66623250', '01 / CONJUNTO COAB GLEBA 01', '80', 'PA'); | FD3: =IF( DC3 = "", "", SUBSTITUTE( SUBSTITUTE( SUBSTITUTE( SUBSTITUTE( SUBSTITUTE( $FD$2, "@NRORG@", $CM$2 ), "@NRMOVIMENTACAO_LEG@", $DC3 ), "@NRVINCULOM@", $CS3 ), "@ESTRUTLEGAL@", $AP3 ), "@DTADMISSAO@", $DZ3 ) ) -> INSERT INTO GPE_MOVIMENTACAO ( NRMOVIMENTACAO, NRORG, NRVINCULOM, NRTIPOTRANSFER, NRTPMOVTRANSFM, NRESTRUTURAM, DTINIMOVIMENT, DSOBSERVACAO, DTINCLUSAO, NRORGINCLUSAO, CDOPERINCLUSAO, NRTIPOESTRUTURA ) VALUES ( 1, 5862, 1, 1, 1, (SELECT MAX(NRESTRUTURAM) FROM ESTRUTURAM WHERE NRORG = 5862 AND CDINTESTRUTURA = 'est_MATSAUDE' AND NRTIPOESTRUTURA = (SELECT NRTPESTRUTLEGAL FROM GPE_PARAMORG WHERE NRORG = 5862)), '23/02/2026', 'Movimentacao gerada via migracao ' || SYSDATE, SYSDATE, 5862, '000000099991', ( SELECT NRTPESTRUTLEGAL FROM GPE_PARAMORG WHERE NRORG = 5862 ) ); | FE3: =IF( DD3 = "", "", SUBSTITUTE( SUBSTITUTE( SUBSTITUTE( SUBSTITUTE( SUBSTITUTE( $FE$2, "@NRORG@", $CM$2 ), "@NRMOVIMENTACAO_GER@", $DD3 ), "@NRVINCULOM@", $CS3 ), "@ESTRUTGEREN@", $AQ3 ), "@DTADMISSAO@", $DZ3 ) ) -> INSERT INTO GPE_MOVIMENTACAO ( NRMOVIMENTACAO, NRORG, NRVINCULOM, NRTIPOTRANSFER, NRTPMOVTRANSFM, NRESTRUTURAM, DTINIMOVIMENT, DSOBSERVACAO, DTINCLUSAO, NRORGINCLUSAO, CDOPERINCLUSAO, NRTIPOESTRUTURA ) VALUES ( 28, 5862, 1, 2, 1, (SELECT MAX(NRESTRUTURAM) FROM ESTRUTURAM WHERE NRORG = 5862 AND CDINTESTRUTURA = 'dep_290000' AND NRTIPOESTRUTURA = (SELECT NRTPESTRUTGEREN FROM GPE_PARAMORG WHERE NRORG = 5862)), '23/02/2026', 'Movimentacao gerada via migracao ' || SYSDATE, SYSDATE, 5862, '000000099991', ( SELECT NRTPESTRUTGEREN FROM GPE_PARAMORG WHERE NRORG = 5862 ) ); | FF3: =IF( DE3 = "", "", SUBSTITUTE( SUBSTITUTE( SUBSTITUTE( SUBSTITUTE( SUBSTITUTE( $FF$2, "@NRORG@", $CM$2 ), "@NRMOVIMENTACAO_SIN@", $DE3 ), "@NRVINCULOM@", $CS3 ), "@ESTRUTSIND@", $BU3 ), "@DTADMISSAO@", $DZ3 ) ) -> INSERT INTO GPE_MOVIMENTACAO ( NRMOVIMENTACAO, NRORG, NRVINCULOM, NRTIPOTRANSFER, NRTPMOVTRANSFM, NRESTRUTURAM, DTINIMOVIMENT, DSOBSERVACAO, DTINCLUSAO, NRORGINCLUSAO, CDOPERINCLUSAO, NRTIPOESTRUTURA ) VALUES ( 55, 5862, 1, 1, 1, (SELECT MAX(NRESTRUTURAM) FROM ESTRUTURAM WHERE NRORG = 5862 AND CDINTESTRUTURA = 'sin_02' AND NRTIPOESTRUTURA = 10), '23/02/2026', 'Movimentacao gerada via migracao ' || SYSDATE, SYSDATE, 5862, '000000099991', 10 ); | FG3: =$FG$2 -> COMMIT; | FI3: {=IF( COUNTIF( Base!A:A, INDIRECT( FI1 ) ) >= 1, "existe", "não" )} -> não | FJ3: {=" - " & _xlfn._xlws.SORT( _xlfn.UNIQUE( IF(_xlfn.ANCHORARRAY( FI3) = "existe", INDIRECT( FI1 ), "" ) ) )} -> - | FL3: {=IF( COUNTIF( Base!H:H, INDIRECT( FL1 ) ) >= 1, "existe", "não" )} -> existe | FM3: {=_xlfn._xlws.SORT( _xlfn.UNIQUE( IF(_xlfn.ANCHORARRAY( FL3) = "existe", "", INDIRECT( FL1 ) ) ) )} | FN3: {=_xlfn._xlws.SORT( _xlfn.UNIQUE( IF(_xlfn.ANCHORARRAY( FL3) = "existe", "", "Vínculo (matrícula): " & INDIRECT( $FI$1 ) & ", ocupação " & INDIRECT( FL1 ) & ", Nome: " & INDIRECT( FH1 )& ", Admissão: " & INDIRECT( FK1 )) ) )} | FP3: {=IF( COUNTIF( Base!F:F, INDIRECT( FP1 ) ) >= 1, "existe", "não" )} -> existe | FQ3: {=_xlfn._xlws.SORT( _xlfn.UNIQUE( IF(_xlfn.ANCHORARRAY( FP3) = "existe", "", INDIRECT( FP1 ) ) ) )} | FR3: {=_xlfn._xlws.SORT( _xlfn.UNIQUE( IF(_xlfn.ANCHORARRAY( FP3) = "existe", "", "Vínculo (matrícula): " & INDIRECT( $FI$1 ) & ", escala trab. " & INDIRECT( FP1 ) & ", Nome: " & INDIRECT( FH1 )& ", Admissão: " & INDIRECT( FK1 )) ) )} | FT3: {=IF( COUNTIF( Base!M:M, "'" & INDIRECT( FT1 ) & "'" ) >= 1, "existe", INDIRECT( FT1 ) )} -> existe | FU3: {=" - " & _xlfn._xlws.SORT( _xlfn.UNIQUE( IF(_xlfn.ANCHORARRAY( FT3) = "existe", "",_xlfn.ANCHORARRAY( FT3)) ) )} -> - | FV3: {=" - " & _xlfn._xlws.SORT( _xlfn.UNIQUE( IF(_xlfn.ANCHORARRAY( FT3) = "existe", "", "Vínculo (matrícula): " & INDIRECT( $FI$1 ) & ", estrutura legal " & INDIRECT( FT1 ) ) ) )} -> - | FX3: {=IF( COUNTIF( Base!M:M, "'" & INDIRECT( FX1 ) & "'" ) >= 1, "existe", INDIRECT( FX1 ) )} -> existe | FY3: {=" - " & _xlfn._xlws.SORT( _xlfn.UNIQUE( IF(_xlfn.ANCHORARRAY( FX3) = "existe", "",_xlfn.ANCHORARRAY( FX3) ) ) )} -> - | FZ3: {=" - " & _xlfn._xlws.SORT( _xlfn.UNIQUE( IF(_xlfn.ANCHORARRAY( FX3) = "existe", "", "Vínculo (matrícula): " & INDIRECT( $FI$1 ) & ", estrutura gerencial " & INDIRECT( FX1 ) & ", Nome: " & INDIRECT( FH1 )& ", Admissão: " & INDIRECT( FK1 )) ) )} -> - | GB3: {=IF( COUNTIF( Base!M:M, "'" & INDIRECT( GB1 ) & "'" ) >= 1, "existe", INDIRECT( GB1 ) )} -> existe | GC3: {=" - " & _xlfn._xlws.SORT( _xlfn.UNIQUE( IF(_xlfn.ANCHORARRAY( GB3) = "existe", "",_xlfn.ANCHORARRAY( GB3) ) ) )} -> - 0 | GD3: {=" - " & _xlfn._xlws.SORT( _xlfn.UNIQUE( IF(_xlfn.ANCHORARRAY( GB3) = "existe", "", "Vínculo (matrícula): " & INDIRECT( $FI$1 ) & ", estrutura legal " & INDIRECT( GB1 ) ) ) )} -> - | GF3: Legal | GI3: Mnemônico | GJ3: @NRPARCNEGOCIO@ | GK3: @NRPESSOA@ | GL3: @NRPESSOAH@ | GM3: @NRVINCULOM@ | GN3: @NRALTESITUFUNC@ | GO3: @NRCONTCORRPARC@ | GP3: @NRCOMUNICAPARC@ | GQ3: @NRENDERECOPARC@ | GR3: @NRVINCULOH@ | GS3: @NRMOVIMENTACAO_LEG@
A4: 23/02/2026 | B4: 31/12/2027 | C4: 370000-2-E1086 | E4: 000007 | F4: 01/01/2000 | G4: NUNCA | H4: MARIA ALTAMIRA DOS ANJOS RAMOS | I4: S | J4: 04271705241 | K4: 41378 | L4: 76 | M4: PA | N4: 24/03/2015 | Q4: 7721258 | R4: PC | S4: PA | T4: 17/11/2024 | AC4: 5 | AD4: 1058 | AE4: PA | AF4: Ananindeua | AG4: 16/07/1999 | AH4: F | AI4: SAL1 | AJ4: 237 | AK4: 55870 | AL4: 729779 | AM4: 2 | AN4: 1 | AO4: MENSAL | AP4: est_MATSAUDE | AQ4: dep_370000 | AR4: 0055 | AS4: PA | AT4: Belem | AU4: R | AV4: MACEIO | AW4: 184 | AX4: AGUAS LINDAS | AZ4: 66690750 | BA4: 1 | BF4: 0089-1 | BG4: UNICO | BP4: 23/02/2026 | BQ4: 0 | BR4: 0 | BS4: 1 | BT4: 8 | BX4: 23/02/2027 | CC4: 1 | CE4: mariadosanjos581@gmail.com | CF4: 300 | CG4: NATALINO SAVELARINHO BORGES | CH4: EDIANA DO SOCORRO BEZERRA DOS ANJOS | CJ4: 91 | CK4: 983927859 | CM4: da linha 10! | CP4: =CP3+1 -> 205 | CQ4: =CQ3+1 -> 2 | CR4: =CR3+1 -> 2 | CS4: =CS3+1 -> 2 | CT4: =CT3+3 -> 4 | CU4: =CU3+3 -> 5 | CV4: =CV3+3 -> 6 | CW4: =CW3+1 -> 2 | CX4: =IF( COUNTA( AJ4:AL4 ) <> 3, CX3, CX3 + 1 ) -> 2 | CY4: =IF( TRIM( CD4 ) = "", CY3, CY3 + 1 ) -> 1 | CZ4: =IF( TRIM( CK4 ) = "", CZ3, CZ3 + 1 ) -> 4 | DA4: =IF( TRIM( CE4 ) = "", DA3, DA3 + 1 ) -> 31 | DB4: =DB3+1 -> 12 | DC4: =IF( OR( AP4 = "", FT4 <> "existe" ), "", LARGE( DC$2:DC3, 1 ) + 1 ) -> 2 | DD4: =IF( OR( AQ4 = "", FX4 <> "existe" ), "", LARGE( DD$2:DD3, 1 ) + 1 ) -> 29 | DE4: =IF( OR( BU4 = "", GB4 <> "existe" ), "", LARGE( DE$2:DE3, 1 ) + 1 ) | DF4: =TRIM(UPPER(G4)) -> NUNCA | DG4: =UPPER( TRIM(SUBSTITUTE(SUBSTITUTE(AF4,"'",""),"&","")) ) -> ANANINDEUA | DH4: =IF(TRIM(AN4) = "", "", TRIM(AN4)*1) -> 1 | DI4: =UPPER( MID( SUBSTITUTE( SUBSTITUTE( SUBSTITUTE(AU4, "Ç", "C"), "Ã", "A"), "Á", "A"), 1, 4) ) -> R | DJ4: =TRIM(SUBSTITUTE(SUBSTITUTE(AV4,"'",""),"&","")) -> MACEIO | DK4: =TRIM(SUBSTITUTE(SUBSTITUTE(AX4,"'",""),"&","")) -> AGUAS LINDAS | DL4: =TRIM(SUBSTITUTE(SUBSTITUTE(AY4,"'",""),"&","")) | DM4: =TRIM(SUBSTITUTE(SUBSTITUTE(AZ4,"'",""),"&","")) -> 66690750 | DN4: =BF4 -> 0089-1 | DO4: =TRIM(BQ4) -> 0 | DP4: =TRIM(BR4) -> 0 | DQ4: =IFERROR( SUBSTITUTE( SUBSTITUTE( SUBSTITUTE( SUBSTITUTE( AB4, ".", "" ), ",", "" ), "-", "" ), " ", "" ) * 1, "" ) | DR4: =TRIM(SUBSTITUTE(SUBSTITUTE(Q4,"'",""),"+","")) -> 7721258 | DS4: =TEXT(AJ4,"000") -> 237 | DT4: =UPPER( MID( SUBSTITUTE( TRIM( AK4 ), "-", "" ), 1, 5 ) ) -> 55870 | DU4: =UPPER( SUBSTITUTE( TRIM( AL4 ), "-", "" ) ) -> 729779 | DV4: =TEXT(AR4,"0000") -> 0055 | DW4: =UPPER( TRIM(SUBSTITUTE(SUBSTITUTE(AT4,"'",""),"&","")) ) -> BELEM | DX4: {=TEXT( MIG_NORMA.NÚMERICO( J4 ), "00000000000" )} -> 04271705241 | DY4: {=TEXT( MIG_NORMA.NÚMERICO( K4 ), "0000000" )} -> 0041378 | DZ4: =IF(TRIM(A4)="","",TEXT(TRIM(A4),"DD/MM/AAAA")) -> 23/02/2026 | EA4: =IF(TRIM(B4)="","",TEXT(TRIM(B4),"DD/MM/AAAA")) -> 31/12/2027 | EB4: =IF(TRIM(AG4)="","",TEXT(TRIM(AG4),"DD/MM/AAAA")) -> 16/07/1999 | EC4: =IF(TRIM(N4)="","",TEXT(TRIM(N4),"DD/MM/AAAA")) -> 24/03/2015 | ED4: =IF(TRIM(P4)="","",TEXT(TRIM(P4),"DD/MM/AAAA")) | EE4: =IF(TRIM(Y4)="","",TEXT(TRIM(Y4),"DD/MM/AAAA")) | EF4: =IF(TRIM(T4)="","",TEXT(TRIM(T4),"DD/MM/AAAA")) -> 17/11/2024 | EG4: =IF(TRIM(BC4)="","",TEXT(TRIM(BC4),"DD/MM/AAAA")) | EH4: =IF(TRIM(BD4)="","",TEXT(TRIM(BD4),"DD/MM/AAAA")) | EI4: =IF(TRIM(BE4)="","",TEXT(TRIM(BE4),"DD/MM/AAAA")) | EJ4: =IF(TRIM(BX4)="","",TEXT(TRIM(BX4),"DD/MM/AAAA")) -> 23/02/2027 | EK4: =IF(TRIM(BY4)="","",TEXT(TRIM(BY4),"DD/MM/AAAA")) | EL4: =IF(TRIM(BK4)="","",TEXT(TRIM(BK4),"DD/MM/AAAA")) | EM4: =IF(TRIM(BP4)="","",TEXT(TRIM(BP4),"DD/MM/AAAA")) -> 23/02/2026 | EN4: =IF(EA4="",DZ4,EA4) -> 31/12/2027 | EO4: =IF(TRIM(BM4)="","",TEXT(TRIM(BM4),"DD/MM/AAAA")) | EP4: =MID(TRIM(AA4),1,20) | EQ4: =SUBSTITUTE(SUBSTITUTE(SUBSTITUTE(SUBSTITUTE(SUBSTITUTE(SUBSTITUTE(SUBSTITUTE($EQ$2,"@NRORG@",$CM$2),$CP$1,CP4),$H$1,H4),$EB$1,EB4),$J$1,J4),$CP$1,CP4),$DX$1,DX4) -> INSERT INTO PARCNEGOCIO ( NRPARCNEGOCIO, NRORG, NMPRINCIPALPARC, NMSECUNDARIPARC, DTNASCIFUNDPARC, NRINSCRICAOPARC, IDATIVO, DTINCLUSAO, NRORGINCLUSAO, CDOPERINCLUSAO, CDTIPOPARCPRINCIPAL, CDTIPOINSCRICAO, IDPESSOAFISICA, IDINSTITUICAO, IDPARCFUNDIDO ) VALUES ( 205, 5862, 'MARIA ALTAMIRA DOS ANJOS RAMOS', 'MARIA ALTAMIRA DOS ANJOS RAMOS', '16/07/1999', '04271705241', 'S', SYSDATE, 5862, '000000099991', 'PESSOA', 'CPF', 'S', 'N', 'N' ); | ER4: =SUBSTITUTE(SUBSTITUTE(SUBSTITUTE($ER$2,"@NRORG@",$CM$2),$CQ$1,CQ4),$CP$1,CP4) -> INSERT INTO GPE_PESSOA ( NRPESSOA, NRORG, NRPARCNEGOCIO, DTINCLUSAO, NRORGINCLUSAO, CDOPERINCLUSAO ) VALUES ( 2, 5862, 205, SYSDATE, 5862, '000000099991' ); | ES4: =SUBSTITUTE( SUBSTITUTE( SUBSTITUTE( SUBSTITUTE( SUBSTITUTE( SUBSTITUTE( SUBSTITUTE( SUBSTITUTE( SUBSTITUTE( SUBSTITUTE( SUBSTITUTE( SUBSTITUTE( SUBSTITUTE( SUBSTITUTE( SUBSTITUTE( SUBSTITUTE( SUBSTITUTE( SUBSTITUTE( SUBSTITUTE( SUBSTITUTE( SUBSTITUTE( SUBSTITUTE( SUBSTITUTE( SUBSTITUTE( SUBSTITUTE( SUBSTITUTE( SUBSTITUTE( SUBSTITUTE( SUBSTITUTE( SUBSTITUTE( SUBSTITUTE( SUBSTITUTE( SUBSTITUTE( $ES$2, "@NRORG@", $CM$2 ), "@NRPESSOAH@", $CR4 ), "@NRPESSOA@", $CQ4 ), "@NOMEVINC@", $H4 ), "@CDESTACIVIL@", $I4 ), "@CPF@", $DX4 ), "@CTPS@", $DY4 ), "@SERIECTPS@", $L4 ), "@UFCTPS@", $M4 ), "@DTCTPS@", $EC4 ), "@PIS@", $O4 ), "@DTPIS@", $ED4 ), "@TITUELEI@", $U4 ), "@SECAOELEI@", $V4 ), "@ZONAELEI@", $W4 ), "@CNH@", $X4 ), "@DTVALCNH@", $EE4 ), "@CATCNH@", $Z4 ), "@NRCATMILITARPE@", $DQ4 ), "@NRCERTRESE@", $EP4 ), "@NRRACA@", $AC4 ), "@CDPAIS@", $AD4 ), "@SGESTADO@", $AE4 ), "@NMMUNICIPIO@", $DG4 ), "@DTNASCI@", $EB4 ), "@IDSEXO@", $AH4 ), "@NRRG@", $DR4 ), "@CDEXRG@", SUBSTITUTE($R4,"'","") ), "@UFRG@", $S4 ), "@DTEXRG@", $EF4 ), "@NRNACIONALID@", $DH4 ), "@NRGRAUINSTR@", $BT4 ),"@NRCONDFISPES@", $CC4 ) -> INSERT INTO GPE_PESSOAH ( NRPESSOAH, NRPESSOA, NRORG, DTMESCOMPETENC, NMPESSOA, CDESTACIVIL, NRCPFPESSOA, NRCTPSPESSOA, NRSERIECTPSPES, SGUFCTPSPES, DTCTPSPESSOA, NRPISPASEPPES, DTINSCPISPASEP, NRTITUELEIPES, NRSECAELEIPES, NRZONAELEIPES, NRCARTHABPES, DTVALHABCARTPES, DSCATEGHABCART, NRCATMILITARPE, NRCERTRESEPES, DTINCLUSAO, NRORGINCLUSAO, CDOPERINCLUSAO, NRRACAPESSOA, CDPAIS, SGESTADO, CDMUNICIPIO, DTNASCPESSOA, IDSEXOPESSOA, NRRGPESSOA, CDEXRGPESSOA, SGUFRGPESSOA, DTEXRGPESSOA, NRNACIONALID, NRGRAUINSTR, NRCONDFISPES ) VALUES ( 2, 2, 5862, '01/01/2000', 'MARIA ALTAMIRA DOS ANJOS RAMOS', 'S', '04271705241', '0041378', '76', 'PA', '24/03/2015', '', '', '', '', '', '', '', '', (SELECT NRCATMILITARPE FROM GPE_CATMILITARPE WHERE NRCATMILITARPE = ''), '', SYSDATE, 5862, '000000099991', '5', '1058', 'PA', (SELECT MAX(CDMUNICIPIO) FROM MUNICIPIO WHERE NMMUNICIPIO = 'ANANINDEUA'), '16/07/1999', 'F', '7721258', 'PC', 'PA', '17/11/2024', '1', '8' , '1'); | ET4: =SUBSTITUTE(SUBSTITUTE(SUBSTITUTE(SUBSTITUTE(SUBSTITUTE(SUBSTITUTE(SUBSTITUTE(SUBSTITUTE(SUBSTITUTE(SUBSTITUTE(SUBSTITUTE(SUBSTITUTE(SUBSTITUTE(SUBSTITUTE(SUBSTITUTE(SUBSTITUTE(SUBSTITUTE(SUBSTITUTE(SUBSTITUTE(SUBSTITUTE(SUBSTITUTE($ET$2,"@NRORG@",$CM$2),$CS$1,CS4),$CQ$1,CQ4),$C$1,C4),$DZ$1,DZ4),$EA$1,EA4),$BA$1,BA4),$BN$1,BN4),$BO$1,BO4),$BB$1,BB4),$EG$1,EG4),$EH$1,EH4),$EI$1,EI4),$H$1,H4),$BI$1,BI4),$BJ$1,BJ4),$EL$1,EL4),$BV$1,BV4),$BW$1,BW4),$EJ$1,EJ4),$EK$1,EK4) -> INSERT INTO GPE_VINCULOM (NRVINCULOM, NRPESSOA, NRORG, CDMATRICULA, DTADMISSAOVINC, DTRESCISAOVINC, DTINCLUSAO, NRORGINCLUSAO, CDOPERINCLUSAO, NRTIPOVINCULOM, NRVINCULOEMPREG, NRTPADMISSAO, NRTPDEMISSAO, DTOPCAOFGTS, DTAPOSENTAFGTS, DTPRIMADMISSAO, NMVINCULOM, NRMOTIVORESC, DSOBSRESCISAO, DTAVISOPREVIO, NRDIASCONTRATOEXP, NRDIASCONTRATOEXPPRO, DTEXAMEMEDICO, DTAVISOTRCT) VALUES (2, 2, 5862, '370000-2-E1086', '23/02/2026', '31/12/2027', SYSDATE, 5862, '000000099991', '1', '', '', '', '', '', '', 'MARIA ALTAMIRA DOS ANJOS RAMOS', '', '', '', '', '', '23/02/2027', ''); | EU4: =SUBSTITUTE( SUBSTITUTE( SUBSTITUTE( SUBSTITUTE( SUBSTITUTE( SUBSTITUTE( SUBSTITUTE( SUBSTITUTE( SUBSTITUTE( SUBSTITUTE( SUBSTITUTE( SUBSTITUTE( SUBSTITUTE( SUBSTITUTE( SUBSTITUTE( SUBSTITUTE( SUBSTITUTE( SUBSTITUTE( SUBSTITUTE( SUBSTITUTE( SUBSTITUTE( $EU$2, "@NRORG@", $CM$2 ), "@NRVINCULOH@", $CT4 ), "@NRVINCULOM@", $CS4 ), "@NRSITUFUNCM@", $D4 ), "@OCUPACAO@", $DN4 ), "@IDCONTRIBUISIND@", $DF4 ), "@NRDEPENDIR@", $DO4 ), "@NRDEPENDSFAM@", $DP4 ), "@DTBASEFERIAS@", $EM4 ), "@IDREMUNERACAO@", $AI4 ), "@IDTPPAGAMENTO@", $AO4 ), "@ESTRUTLEGAL@", $AP4 ), "@ESTRUTGEREN@", $AQ4 ), "@ESTRUTSIND@", $BU4 ), "@NRTPMODALIDSAL@", $BS4 ), "@IDMULTVINC@", $BG4 ), "@CDCONTRIBINDIVIDUAL@", $BH4 ), "@DTFIMCONTRDETERMIN@", $EO4 ), "@NRESCALATRABM@", $E4 ), "@CORINGASIND@", $GF$8 ), "@CORINGAGEREN@", $GF$6 ) -> INSERT INTO GPE_VINCULOH (NRVINCULOH, NRVINCULOM, NRSITUFUNCM, NRCARGO, NRFUNCAO, NRORG, DTMESCOMPETENC, IDCONTRIBUISIND, DTINCLUSAO, NRORGINCLUSAO, CDOPERINCLUSAO, NRDEPENDIR, NRDEPENDSFAM, DTBASEFERIAS, IDREMUNERACAO, IDTPPAGAMENTO, NRESTRUTLEGAL, NRESTRUTGEREN, NRESTRUTSIND, NRTPMODALIDSAL, IDMULTVINC, CDCONTRIBINDIVIDUAL, NRTPMOVTRANSFM, DTFIMCONTRDETERMIN, CONFIDENCIAL, NRESCALATRABM) VALUES (4, 2, '', (SELECT MAX(NROCUPACAOM) FROM GPE_OCUPACAOH WHERE NRORG = 5862 AND CDINTEGRACAO = '0089-1'), (SELECT MAX(NROCUPACAOM) FROM GPE_OCUPACAOH WHERE NRORG = 5862 AND CDINTEGRACAO = '0089-1'), 5862, '01/01/2000', 'NUNCA', SYSDATE, 5862, '000000099991', '0', '0', '23/02/2026', 'SAL1', 'MENSAL', (SELECT MAX(NRESTRUTURAM) FROM ESTRUTURAM WHERE NRORG = 5862 AND CDINTESTRUTURA = 'est_MATSAUDE'), NVL((SELECT MAX(NRESTRUTURAM) FROM ESTRUTURAM WHERE NRORG = 5862 AND CDINTESTRUTURA = 'dep_370000'), 999992), NVL((SELECT MAX(NRESTRUTURAM) FROM ESTRUTURAM WHERE NRORG = 5862 AND CDINTESTRUTURA = ''), 999993), '1', 'UNICO', '', 2, '', 'N', (SELECT MAX(NRESCALATRABM) FROM GPE_ESCALATRABH WHERE NRORG = 5862 AND NRESCALATRABM = '000007') ); | EV4: =SUBSTITUTE(SUBSTITUTE(SUBSTITUTE(SUBSTITUTE(SUBSTITUTE($EV$2,"@NRORG@",$CM$2),$CT$1,CT4),$CU$1,CU4),$CV$1,CV4),$CN$1,$CN$2) -> INSERT INTO GPE_VINCULOH (NRVINCULOH, NRVINCULOM, NRSITUFUNCM, NRCARGO, NRFUNCAO, NRORG, DTMESCOMPETENC, IDCONTRIBUISIND, DTINCLUSAO, NRORGINCLUSAO, CDOPERINCLUSAO, NRDEPENDIR, NRDEPENDSFAM, DTBASEFERIAS, IDREMUNERACAO, IDTPPAGAMENTO, NRESTRUTLEGAL, NRESTRUTGEREN, NRESTRUTSIND, NRTPMODALIDSAL, IDMULTVINC, CDCONTRIBINDIVIDUAL, NRTPMOVTRANSFM, DTFIMCONTRDETERMIN, CONFIDENCIAL, NRESCALATRABM) SELECT 5 NRVINCULOH, NRVINCULOM, NRSITUFUNCM, NRCARGO, NRFUNCAO, NRORG, '01/01/2024' DTMESCOMPETENC, IDCONTRIBUISIND, SYSDATE DTINCLUSAO, NRORGINCLUSAO, CDOPERINCLUSAO, NRDEPENDIR, NRDEPENDSFAM, DTBASEFERIAS, IDREMUNERACAO, IDTPPAGAMENTO, NRESTRUTLEGAL, NRESTRUTGEREN, NRESTRUTSIND, NRTPMODALIDSAL, IDMULTVINC, CDCONTRIBINDIVIDUAL, NRTPMOVTRANSFM, DTFIMCONTRDETERMIN, CONFIDENCIAL, NRESCALATRABM FROM GPE_VINCULOH WHERE NRORG = 5862 AND NRVINCULOH = 4; | EW4: =SUBSTITUTE(SUBSTITUTE(SUBSTITUTE(SUBSTITUTE(SUBSTITUTE($EW$2,"@NRORG@",$CM$2),$CT$1,CT4),$CV$1,CV4),$CV$1,CV4),$CO$1,$CO$2) -> INSERT INTO GPE_VINCULOH (NRVINCULOH, NRVINCULOM, NRSITUFUNCM, NRCARGO, NRFUNCAO, NRORG, DTMESCOMPETENC, IDCONTRIBUISIND, DTINCLUSAO, NRORGINCLUSAO, CDOPERINCLUSAO, NRDEPENDIR, NRDEPENDSFAM, DTBASEFERIAS, IDREMUNERACAO, IDTPPAGAMENTO, NRESTRUTLEGAL, NRESTRUTGEREN, NRESTRUTSIND, NRTPMODALIDSAL, IDMULTVINC, CDCONTRIBINDIVIDUAL, NRTPMOVTRANSFM, DTFIMCONTRDETERMIN, CONFIDENCIAL, NRESCALATRABM) SELECT 6 NRVINCULOH, NRVINCULOM, NRSITUFUNCM, NRCARGO, NRFUNCAO, NRORG, '01/01/2025' DTMESCOMPETENC, IDCONTRIBUISIND, SYSDATE DTINCLUSAO, NRORGINCLUSAO, CDOPERINCLUSAO, NRDEPENDIR, NRDEPENDSFAM, DTBASEFERIAS, IDREMUNERACAO, IDTPPAGAMENTO, NRESTRUTLEGAL, NRESTRUTGEREN, NRESTRUTSIND, NRTPMODALIDSAL, IDMULTVINC, CDCONTRIBINDIVIDUAL, NRTPMOVTRANSFM, DTFIMCONTRDETERMIN, CONFIDENCIAL, NRESCALATRABM FROM GPE_VINCULOH WHERE NRORG = 5862 AND NRVINCULOH = 4; | EX4: =SUBSTITUTE(SUBSTITUTE(SUBSTITUTE(SUBSTITUTE(SUBSTITUTE(SUBSTITUTE($EX$2,"@NRORG@",$CM$2),$CW$1,CW4),$D$1,D4),$CS$1,CS4),$EN$1,EN4),$EA$1,EA4) -> INSERT INTO GPE_ALTESITUFUNC ( NRALTESITUFUNC, NRORG, NRSITUFUNCM, NRVINCULOM, DTINISITUFUNC, DTINCLUSAO, NRORGINCLUSAO, CDOPERINCLUSAO ) VALUES ( 2, 5862, (CASE WHEN '' IS NOT NULL THEN '' WHEN '31/12/2027' IS NULL THEN '1' ELSE '13' END), 2, '31/12/2027', SYSDATE, 5862, '000000099991' ); | EY4: =IF(COUNTA(AJ4:AL4)<>3,"",SUBSTITUTE(SUBSTITUTE(SUBSTITUTE(SUBSTITUTE(SUBSTITUTE(SUBSTITUTE(SUBSTITUTE($EY$2,"@NRORG@",$CM$2),$CX$1,CX4),$CP$1,CP4),$DS$1,DS4),$DT$1,DT4),$DU$1,DU4),$AM$1,AM4)) -> INSERT INTO CONTCORRPARC ( NRCONTCORRPARC, NRORG, NRPARCNEGOCIO, CDBANCO, CDAGENCIA, CDCONTCORR, NRTPCONTCORR, DTINCLUSAO, NRORGINCLUSAO, CDOPERINCLUSAO, IDATIVO ) VALUES ( 2, 5862, 205, '237', '55870', '729779', '2', SYSDATE, 5862, '000000099991', 'S' ); | EZ4: =IF(CD4="","",SUBSTITUTE(SUBSTITUTE(SUBSTITUTE(SUBSTITUTE(SUBSTITUTE($EZ$2,"@NRORG@",$CM$2),$CY$1,CY4),$CP$1,CP4),$CD$1,CD4),$CI$1,TRIM(CI4))) | FA4: =IF($CK4="","",SUBSTITUTE(SUBSTITUTE(SUBSTITUTE(SUBSTITUTE(SUBSTITUTE($FA$2,"@NRORG@",$CM$2),$CZ$1,$CZ4),$CP$1,$CP4),$CK$1,SUBSTITUTE(TRIM($CK4),"'","")),$CJ$1,TRIM(SUBSTITUTE($CJ4,"'","")))) -> INSERT INTO COMUNICAPARC ( NRCOMUNICAPARC, NRPARCNEGOCIO, CDFORMACOMU, CDPREFIXCOMUPARC, CDCOMUNICAPARC, NRORG, IDATIVO, DTINCLUSAO, NRORGINCLUSAO, CDOPERINCLUSAO ) VALUES ( 4, 205, '02', '91', '983927859', 5862, 'S', SYSDATE, 5862, '000000099991' ); | FB4: =IF(TRIM($CE4)="","",SUBSTITUTE(SUBSTITUTE(SUBSTITUTE(SUBSTITUTE($FB$2,"@NRORG@",$CM$2),$DA$1,$DA4),$CP$1,$CP4),$CE$1,SUBSTITUTE(TRIM($CE4),"'",""))) -> INSERT INTO COMUNICAPARC ( NRCOMUNICAPARC, NRPARCNEGOCIO, CDFORMACOMU, CDCOMUNICAPARC, NRORG, IDATIVO, DTINCLUSAO, NRORGINCLUSAO, CDOPERINCLUSAO ) VALUES ( 31, 205, '05', 'mariadosanjos581@gmail.com', 5862, 'S', SYSDATE, 5862, '000000099991' ); | FC4: =IF(AV4="","",SUBSTITUTE(SUBSTITUTE(SUBSTITUTE(SUBSTITUTE(SUBSTITUTE(SUBSTITUTE(SUBSTITUTE(SUBSTITUTE(SUBSTITUTE(SUBSTITUTE(SUBSTITUTE(SUBSTITUTE($FC$2,"@NRORG@",$CM$2),$DB$1,DB4),$CP$1,CP4),$DV$1,DV4),$DW$1,DW4),$DI$1,DI4),$DK$1,DK4),$DL$1,DL4),$DM$1,DM4),$DJ$1,DJ4),$AW$1,SUBSTITUTE(TRIM(AW4),"'","")),$AS$1,AS4)) -> INSERT INTO ENDERECOPARC ( NRENDERECOPARC, NRPARCNEGOCIO, CDTIPOENDERECO, NRORG, IDATIVO, DTINCLUSAO, NRORGINCLUSAO, CDOPERINCLUSAO, CDPAIS, CDMUNICIPIO, CDLOGRADOURO, NMBAIRROENDERECO, DSCOMPLEENDERECO, NRCEPENDERECO, DSENDERECO, NRIMOVELENDERECO, SGESTADO ) VALUES ( 12, 205, 'PRINCIPAL', 5862, 'S', SYSDATE, 5862, '000000099991', '0055', ( SELECT MAX(CDMUNICIPIO) FROM MUNICIPIO WHERE NMMUNICIPIO = 'BELEM' AND SGESTADO = 'PA' ), 'R', 'AGUAS LINDAS', '', '66690750', 'MACEIO', '184', 'PA'); | FD4: =IF( DC4 = "", "", SUBSTITUTE( SUBSTITUTE( SUBSTITUTE( SUBSTITUTE( SUBSTITUTE( $FD$2, "@NRORG@", $CM$2 ), "@NRMOVIMENTACAO_LEG@", $DC4 ), "@NRVINCULOM@", $CS4 ), "@ESTRUTLEGAL@", $AP4 ), "@DTADMISSAO@", $DZ4 ) ) -> INSERT INTO GPE_MOVIMENTACAO ( NRMOVIMENTACAO, NRORG, NRVINCULOM, NRTIPOTRANSFER, NRTPMOVTRANSFM, NRESTRUTURAM, DTINIMOVIMENT, DSOBSERVACAO, DTINCLUSAO, NRORGINCLUSAO, CDOPERINCLUSAO, NRTIPOESTRUTURA ) VALUES ( 2, 5862, 2, 1, 1, (SELECT MAX(NRESTRUTURAM) FROM ESTRUTURAM WHERE NRORG = 5862 AND CDINTESTRUTURA = 'est_MATSAUDE' AND NRTIPOESTRUTURA = (SELECT NRTPESTRUTLEGAL FROM GPE_PARAMORG WHERE NRORG = 5862)), '23/02/2026', 'Movimentacao gerada via migracao ' || SYSDATE, SYSDATE, 5862, '000000099991', ( SELECT NRTPESTRUTLEGAL FROM GPE_PARAMORG WHERE NRORG = 5862 ) ); | FE4: =IF( DD4 = "", "", SUBSTITUTE( SUBSTITUTE( SUBSTITUTE( SUBSTITUTE( SUBSTITUTE( $FE$2, "@NRORG@", $CM$2 ), "@NRMOVIMENTACAO_GER@", $DD4 ), "@NRVINCULOM@", $CS4 ), "@ESTRUTGEREN@", $AQ4 ), "@DTADMISSAO@", $DZ4 ) ) -> INSERT INTO GPE_MOVIMENTACAO ( NRMOVIMENTACAO, NRORG, NRVINCULOM, NRTIPOTRANSFER, NRTPMOVTRANSFM, NRESTRUTURAM, DTINIMOVIMENT, DSOBSERVACAO, DTINCLUSAO, NRORGINCLUSAO, CDOPERINCLUSAO, NRTIPOESTRUTURA ) VALUES ( 29, 5862, 2, 2, 1, (SELECT MAX(NRESTRUTURAM) FROM ESTRUTURAM WHERE NRORG = 5862 AND CDINTESTRUTURA = 'dep_370000' AND NRTIPOESTRUTURA = (SELECT NRTPESTRUTGEREN FROM GPE_PARAMORG WHERE NRORG = 5862)), '23/02/2026', 'Movimentacao gerada via migracao ' || SYSDATE, SYSDATE, 5862, '000000099991', ( SELECT NRTPESTRUTGEREN FROM GPE_PARAMORG WHERE NRORG = 5862 ) ); | FF4: =IF( DE4 = "", "", SUBSTITUTE( SUBSTITUTE( SUBSTITUTE( SUBSTITUTE( SUBSTITUTE( $FF$2, "@NRORG@", $CM$2 ), "@NRMOVIMENTACAO_SIN@", $DE4 ), "@NRVINCULOM@", $CS4 ), "@ESTRUTSIND@", $BU4 ), "@DTADMISSAO@", $DZ4 ) ) | FG4: =$FG$2 -> COMMIT; | FI4: não | FL4: existe | FP4: existe | FQ4: 000012 | FR4: Vínculo (matrícula): 790000-0-01642, escala trab. 000012, Nome: SABRINA PANTOJA ESTUMANO, Admissão: 12/02/2026 | FT4: existe | FX4: existe | GB4: 0 | GC4: - | GD4: - Vínculo (matrícula): 090000-2-E1085, estrutura legal | GF4: 999991 | GI4: Tabela | GJ4: PARCNEGOCIO | GK4: GPE_PESSOA | GL4: GPE_PESSOAH | GM4: GPE_VINCULOM | GN4: GPE_ALTESITUFUNC | GO4: CONTCORRPARC | GP4: COMUNICAPARC | GQ4: ENDERECOPARC | GR4: GPE_VINCULOH | GS4: GPE_MOVIMENTACAO | GT4: Tabela | GU4: =GJ4 -> PARCNEGOCIO | GV4: =GK4 -> GPE_PESSOA | GW4: =GL4 -> GPE_PESSOAH | GX4: =GM4 -> GPE_VINCULOM | GY4: =GN4 -> GPE_ALTESITUFUNC | GZ4: =GO4 -> CONTCORRPARC | HA4: =GP4 -> COMUNICAPARC | HB4: =GQ4 -> ENDERECOPARC | ... HD4: =GS4 -> GPE_MOVIMENTACAO | HE4: Tabela | HF4: =GU4 -> PARCNEGOCIO | HG4: =GV4 -> GPE_PESSOA | HH4: =GW4 -> GPE_PESSOAH | HI4: =GX4 -> GPE_VINCULOM | HJ4: =GY4 -> GPE_ALTESITUFUNC | HK4: =GZ4 -> CONTCORRPARC | HL4: =HA4 -> COMUNICAPARC | HM4: =HB4 -> ENDERECOPARC | ... HO4: =HD4 -> GPE_MOVIMENTACAO
A5: 12/02/2026 | B5: 31/12/2027 | C5: 090000-2-E1085 | E5: 000009 | F5: 01/01/2000 | G5: NUNCA | H5: NATHALY SOARES DA SILVA | I5: S | J5: 02498902244 | Q5: 9632134 | R5: PC | S5: PA | T5: 05/07/2021 | AC5: 5 | AD5: 1058 | AE5: PA | AF5: Belem | AG5: 14/02/2006 | AH5: F | AI5: SAL1 | AJ5: 237 | AK5: 15481 | AL5: 00969311 | AM5: 2 | AN5: 1 | AO5: MENSAL | AP5: est_MATSAUDE | AQ5: dep_090000 | AR5: 0055 | AS5: PA | AT5: Barcarena | AU5: TV | AV5: ANTONIO JOSE | AW5: 621 | AX5: VILA DOS CABANOS | AY5: QUADRA 340 LOTE 03 | AZ5: 00000000 | BA5: 1 | BF5: 0089-1 | BG5: UNICO | BP5: 12/02/2026 | BQ5: 0 | BR5: 0 | BS5: 1 | BT5: 8 | BX5: 12/02/2027 | CC5: 1 | CE5: nathalysilva.nutri14@gmail.com | CF5: 300 | CG5: ROGERIO PEREIRA DA SILVA | CH5: EDILEUDE DE JESUS CORREA SOARES | CJ5: 91 | CK5: 991667874 | CM5: Não excluir esta linha | CP5: =CP4+1 -> 206 | CQ5: =CQ4+1 -> 3 | CR5: =CR4+1 -> 3 | CS5: =CS4+1 -> 3 | CT5: =CT4+3 -> 7 | CU5: =CU4+3 -> 8 | CV5: =CV4+3 -> 9 | CW5: =CW4+1 -> 3 | CX5: =IF( COUNTA( AJ5:AL5 ) <> 3, CX4, CX4 + 1 ) -> 3 | CY5: =IF( TRIM( CD5 ) = "", CY4, CY4 + 1 ) -> 1 | CZ5: =IF( TRIM( CK5 ) = "", CZ4, CZ4 + 1 ) -> 5 | DA5: =IF( TRIM( CE5 ) = "", DA4, DA4 + 1 ) -> 32 | DB5: =DB4+1 -> 13 | DC5: =IF( OR( AP5 = "", FT5 <> "existe" ), "", LARGE( DC$2:DC4, 1 ) + 1 ) -> 3 | DD5: =IF( OR( AQ5 = "", FX5 <> "existe" ), "", LARGE( DD$2:DD4, 1 ) + 1 ) -> 30 | DE5: =IF( OR( BU5 = "", GB5 <> "existe" ), "", LARGE( DE$2:DE4, 1 ) + 1 ) | DF5: =TRIM(UPPER(G5)) -> NUNCA | DG5: =UPPER( TRIM(SUBSTITUTE(SUBSTITUTE(AF5,"'",""),"&","")) ) -> BELEM | DH5: =IF(TRIM(AN5) = "", "", TRIM(AN5)*1) -> 1 | DI5: =UPPER( MID( SUBSTITUTE( SUBSTITUTE( SUBSTITUTE(AU5, "Ç", "C"), "Ã", "A"), "Á", "A"), 1, 4) ) -> TV | DJ5: =TRIM(SUBSTITUTE(SUBSTITUTE(AV5,"'",""),"&","")) -> ANTONIO JOSE | DK5: =TRIM(SUBSTITUTE(SUBSTITUTE(AX5,"'",""),"&","")) -> VILA DOS CABANOS | DL5: =TRIM(SUBSTITUTE(SUBSTITUTE(AY5,"'",""),"&","")) -> QUADRA 340 LOTE 03 | DM5: =TRIM(SUBSTITUTE(SUBSTITUTE(AZ5,"'",""),"&","")) -> 00000000 | DN5: =BF5 -> 0089-1 | DO5: =TRIM(BQ5) -> 0 | DP5: =TRIM(BR5) -> 0 | DQ5: =IFERROR( SUBSTITUTE( SUBSTITUTE( SUBSTITUTE( SUBSTITUTE( AB5, ".", "" ), ",", "" ), "-", "" ), " ", "" ) * 1, "" ) | DR5: =TRIM(SUBSTITUTE(SUBSTITUTE(Q5,"'",""),"+","")) -> 9632134 | DS5: =TEXT(AJ5,"000") -> 237 | DT5: =UPPER( MID( SUBSTITUTE( TRIM( AK5 ), "-", "" ), 1, 5 ) ) -> 15481 | DU5: =UPPER( SUBSTITUTE( TRIM( AL5 ), "-", "" ) ) -> 00969311 | DV5: =TEXT(AR5,"0000") -> 0055 | DW5: =UPPER( TRIM(SUBSTITUTE(SUBSTITUTE(AT5,"'",""),"&","")) ) -> BARCARENA | DX5: {=TEXT( MIG_NORMA.NÚMERICO( J5 ), "00000000000" )} -> 02498902244 | DY5: {=TEXT( MIG_NORMA.NÚMERICO( K5 ), "0000000" )} | DZ5: =IF(TRIM(A5)="","",TEXT(TRIM(A5),"DD/MM/AAAA")) -> 12/02/2026 | EA5: =IF(TRIM(B5)="","",TEXT(TRIM(B5),"DD/MM/AAAA")) -> 31/12/2027 | EB5: =IF(TRIM(AG5)="","",TEXT(TRIM(AG5),"DD/MM/AAAA")) -> 14/02/2006 | EC5: =IF(TRIM(N5)="","",TEXT(TRIM(N5),"DD/MM/AAAA")) | ED5: =IF(TRIM(P5)="","",TEXT(TRIM(P5),"DD/MM/AAAA")) | EE5: =IF(TRIM(Y5)="","",TEXT(TRIM(Y5),"DD/MM/AAAA")) | EF5: =IF(TRIM(T5)="","",TEXT(TRIM(T5),"DD/MM/AAAA")) -> 05/07/2021 | EG5: =IF(TRIM(BC5)="","",TEXT(TRIM(BC5),"DD/MM/AAAA")) | EH5: =IF(TRIM(BD5)="","",TEXT(TRIM(BD5),"DD/MM/AAAA")) | EI5: =IF(TRIM(BE5)="","",TEXT(TRIM(BE5),"DD/MM/AAAA")) | EJ5: =IF(TRIM(BX5)="","",TEXT(TRIM(BX5),"DD/MM/AAAA")) -> 12/02/2027 | EK5: =IF(TRIM(BY5)="","",TEXT(TRIM(BY5),"DD/MM/AAAA")) | EL5: =IF(TRIM(BK5)="","",TEXT(TRIM(BK5),"DD/MM/AAAA")) | EM5: =IF(TRIM(BP5)="","",TEXT(TRIM(BP5),"DD/MM/AAAA")) -> 12/02/2026 | EN5: =IF(EA5="",DZ5,EA5) -> 31/12/2027 | EO5: =IF(TRIM(BM5)="","",TEXT(TRIM(BM5),"DD/MM/AAAA")) | EP5: =MID(TRIM(AA5),1,20) | EQ5: =SUBSTITUTE(SUBSTITUTE(SUBSTITUTE(SUBSTITUTE(SUBSTITUTE(SUBSTITUTE(SUBSTITUTE($EQ$2,"@NRORG@",$CM$2),$CP$1,CP5),$H$1,H5),$EB$1,EB5),$J$1,J5),$CP$1,CP5),$DX$1,DX5) -> INSERT INTO PARCNEGOCIO ( NRPARCNEGOCIO, NRORG, NMPRINCIPALPARC, NMSECUNDARIPARC, DTNASCIFUNDPARC, NRINSCRICAOPARC, IDATIVO, DTINCLUSAO, NRORGINCLUSAO, CDOPERINCLUSAO, CDTIPOPARCPRINCIPAL, CDTIPOINSCRICAO, IDPESSOAFISICA, IDINSTITUICAO, IDPARCFUNDIDO ) VALUES ( 206, 5862, 'NATHALY SOARES DA SILVA', 'NATHALY SOARES DA SILVA', '14/02/2006', '02498902244', 'S', SYSDATE, 5862, '000000099991', 'PESSOA', 'CPF', 'S', 'N', 'N' ); | ER5: =SUBSTITUTE(SUBSTITUTE(SUBSTITUTE($ER$2,"@NRORG@",$CM$2),$CQ$1,CQ5),$CP$1,CP5) -> INSERT INTO GPE_PESSOA ( NRPESSOA, NRORG, NRPARCNEGOCIO, DTINCLUSAO, NRORGINCLUSAO, CDOPERINCLUSAO ) VALUES ( 3, 5862, 206, SYSDATE, 5862, '000000099991' ); | ES5: =SUBSTITUTE( SUBSTITUTE( SUBSTITUTE( SUBSTITUTE( SUBSTITUTE( SUBSTITUTE( SUBSTITUTE( SUBSTITUTE( SUBSTITUTE( SUBSTITUTE( SUBSTITUTE( SUBSTITUTE( SUBSTITUTE( SUBSTITUTE( SUBSTITUTE( SUBSTITUTE( SUBSTITUTE( SUBSTITUTE( SUBSTITUTE( SUBSTITUTE( SUBSTITUTE( SUBSTITUTE( SUBSTITUTE( SUBSTITUTE( SUBSTITUTE( SUBSTITUTE( SUBSTITUTE( SUBSTITUTE( SUBSTITUTE( SUBSTITUTE( SUBSTITUTE( SUBSTITUTE( SUBSTITUTE( $ES$2, "@NRORG@", $CM$2 ), "@NRPESSOAH@", $CR5 ), "@NRPESSOA@", $CQ5 ), "@NOMEVINC@", $H5 ), "@CDESTACIVIL@", $I5 ), "@CPF@", $DX5 ), "@CTPS@", $DY5 ), "@SERIECTPS@", $L5 ), "@UFCTPS@", $M5 ), "@DTCTPS@", $EC5 ), "@PIS@", $O5 ), "@DTPIS@", $ED5 ), "@TITUELEI@", $U5 ), "@SECAOELEI@", $V5 ), "@ZONAELEI@", $W5 ), "@CNH@", $X5 ), "@DTVALCNH@", $EE5 ), "@CATCNH@", $Z5 ), "@NRCATMILITARPE@", $DQ5 ), "@NRCERTRESE@", $EP5 ), "@NRRACA@", $AC5 ), "@CDPAIS@", $AD5 ), "@SGESTADO@", $AE5 ), "@NMMUNICIPIO@", $DG5 ), "@DTNASCI@", $EB5 ), "@IDSEXO@", $AH5 ), "@NRRG@", $DR5 ), "@CDEXRG@", SUBSTITUTE($R5,"'","") ), "@UFRG@", $S5 ), "@DTEXRG@", $EF5 ), "@NRNACIONALID@", $DH5 ), "@NRGRAUINSTR@", $BT5 ),"@NRCONDFISPES@", $CC5 ) -> INSERT INTO GPE_PESSOAH ( NRPESSOAH, NRPESSOA, NRORG, DTMESCOMPETENC, NMPESSOA, CDESTACIVIL, NRCPFPESSOA, NRCTPSPESSOA, NRSERIECTPSPES, SGUFCTPSPES, DTCTPSPESSOA, NRPISPASEPPES, DTINSCPISPASEP, NRTITUELEIPES, NRSECAELEIPES, NRZONAELEIPES, NRCARTHABPES, DTVALHABCARTPES, DSCATEGHABCART, NRCATMILITARPE, NRCERTRESEPES, DTINCLUSAO, NRORGINCLUSAO, CDOPERINCLUSAO, NRRACAPESSOA, CDPAIS, SGESTADO, CDMUNICIPIO, DTNASCPESSOA, IDSEXOPESSOA, NRRGPESSOA, CDEXRGPESSOA, SGUFRGPESSOA, DTEXRGPESSOA, NRNACIONALID, NRGRAUINSTR, NRCONDFISPES ) VALUES ( 3, 3, 5862, '01/01/2000', 'NATHALY SOARES DA SILVA', 'S', '02498902244', '', '', '', '', '', '', '', '', '', '', '', '', (SELECT NRCATMILITARPE FROM GPE_CATMILITARPE WHERE NRCATMILITARPE = ''), '', SYSDATE, 5862, '000000099991', '5', '1058', 'PA', (SELECT MAX(CDMUNICIPIO) FROM MUNICIPIO WHERE NMMUNICIPIO = 'BELEM'), '14/02/2006', 'F', '9632134', 'PC', 'PA', '05/07/2021', '1', '8' , '1'); | ET5: =SUBSTITUTE(SUBSTITUTE(SUBSTITUTE(SUBSTITUTE(SUBSTITUTE(SUBSTITUTE(SUBSTITUTE(SUBSTITUTE(SUBSTITUTE(SUBSTITUTE(SUBSTITUTE(SUBSTITUTE(SUBSTITUTE(SUBSTITUTE(SUBSTITUTE(SUBSTITUTE(SUBSTITUTE(SUBSTITUTE(SUBSTITUTE(SUBSTITUTE(SUBSTITUTE($ET$2,"@NRORG@",$CM$2),$CS$1,CS5),$CQ$1,CQ5),$C$1,C5),$DZ$1,DZ5),$EA$1,EA5),$BA$1,BA5),$BN$1,BN5),$BO$1,BO5),$BB$1,BB5),$EG$1,EG5),$EH$1,EH5),$EI$1,EI5),$H$1,H5),$BI$1,BI5),$BJ$1,BJ5),$EL$1,EL5),$BV$1,BV5),$BW$1,BW5),$EJ$1,EJ5),$EK$1,EK5) -> INSERT INTO GPE_VINCULOM (NRVINCULOM, NRPESSOA, NRORG, CDMATRICULA, DTADMISSAOVINC, DTRESCISAOVINC, DTINCLUSAO, NRORGINCLUSAO, CDOPERINCLUSAO, NRTIPOVINCULOM, NRVINCULOEMPREG, NRTPADMISSAO, NRTPDEMISSAO, DTOPCAOFGTS, DTAPOSENTAFGTS, DTPRIMADMISSAO, NMVINCULOM, NRMOTIVORESC, DSOBSRESCISAO, DTAVISOPREVIO, NRDIASCONTRATOEXP, NRDIASCONTRATOEXPPRO, DTEXAMEMEDICO, DTAVISOTRCT) VALUES (3, 3, 5862, '090000-2-E1085', '12/02/2026', '31/12/2027', SYSDATE, 5862, '000000099991', '1', '', '', '', '', '', '', 'NATHALY SOARES DA SILVA', '', '', '', '', '', '12/02/2027', ''); | EU5: =SUBSTITUTE( SUBSTITUTE( SUBSTITUTE( SUBSTITUTE( SUBSTITUTE( SUBSTITUTE( SUBSTITUTE( SUBSTITUTE( SUBSTITUTE( SUBSTITUTE( SUBSTITUTE( SUBSTITUTE( SUBSTITUTE( SUBSTITUTE( SUBSTITUTE( SUBSTITUTE( SUBSTITUTE( SUBSTITUTE( SUBSTITUTE( SUBSTITUTE( SUBSTITUTE( $EU$2, "@NRORG@", $CM$2 ), "@NRVINCULOH@", $CT5 ), "@NRVINCULOM@", $CS5 ), "@NRSITUFUNCM@", $D5 ), "@OCUPACAO@", $DN5 ), "@IDCONTRIBUISIND@", $DF5 ), "@NRDEPENDIR@", $DO5 ), "@NRDEPENDSFAM@", $DP5 ), "@DTBASEFERIAS@", $EM5 ), "@IDREMUNERACAO@", $AI5 ), "@IDTPPAGAMENTO@", $AO5 ), "@ESTRUTLEGAL@", $AP5 ), "@ESTRUTGEREN@", $AQ5 ), "@ESTRUTSIND@", $BU5 ), "@NRTPMODALIDSAL@", $BS5 ), "@IDMULTVINC@", $BG5 ), "@CDCONTRIBINDIVIDUAL@", $BH5 ), "@DTFIMCONTRDETERMIN@", $EO5 ), "@NRESCALATRABM@", $E5 ), "@CORINGASIND@", $GF$8 ), "@CORINGAGEREN@", $GF$6 ) -> INSERT INTO GPE_VINCULOH (NRVINCULOH, NRVINCULOM, NRSITUFUNCM, NRCARGO, NRFUNCAO, NRORG, DTMESCOMPETENC, IDCONTRIBUISIND, DTINCLUSAO, NRORGINCLUSAO, CDOPERINCLUSAO, NRDEPENDIR, NRDEPENDSFAM, DTBASEFERIAS, IDREMUNERACAO, IDTPPAGAMENTO, NRESTRUTLEGAL, NRESTRUTGEREN, NRESTRUTSIND, NRTPMODALIDSAL, IDMULTVINC, CDCONTRIBINDIVIDUAL, NRTPMOVTRANSFM, DTFIMCONTRDETERMIN, CONFIDENCIAL, NRESCALATRABM) VALUES (7, 3, '', (SELECT MAX(NROCUPACAOM) FROM GPE_OCUPACAOH WHERE NRORG = 5862 AND CDINTEGRACAO = '0089-1'), (SELECT MAX(NROCUPACAOM) FROM GPE_OCUPACAOH WHERE NRORG = 5862 AND CDINTEGRACAO = '0089-1'), 5862, '01/01/2000', 'NUNCA', SYSDATE, 5862, '000000099991', '0', '0', '12/02/2026', 'SAL1', 'MENSAL', (SELECT MAX(NRESTRUTURAM) FROM ESTRUTURAM WHERE NRORG = 5862 AND CDINTESTRUTURA = 'est_MATSAUDE'), NVL((SELECT MAX(NRESTRUTURAM) FROM ESTRUTURAM WHERE NRORG = 5862 AND CDINTESTRUTURA = 'dep_090000'), 999992), NVL((SELECT MAX(NRESTRUTURAM) FROM ESTRUTURAM WHERE NRORG = 5862 AND CDINTESTRUTURA = ''), 999993), '1', 'UNICO', '', 2, '', 'N', (SELECT MAX(NRESCALATRABM) FROM GPE_ESCALATRABH WHERE NRORG = 5862 AND NRESCALATRABM = '000009') ); | EV5: =SUBSTITUTE(SUBSTITUTE(SUBSTITUTE(SUBSTITUTE(SUBSTITUTE($EV$2,"@NRORG@",$CM$2),$CT$1,CT5),$CU$1,CU5),$CV$1,CV5),$CN$1,$CN$2) -> INSERT INTO GPE_VINCULOH (NRVINCULOH, NRVINCULOM, NRSITUFUNCM, NRCARGO, NRFUNCAO, NRORG, DTMESCOMPETENC, IDCONTRIBUISIND, DTINCLUSAO, NRORGINCLUSAO, CDOPERINCLUSAO, NRDEPENDIR, NRDEPENDSFAM, DTBASEFERIAS, IDREMUNERACAO, IDTPPAGAMENTO, NRESTRUTLEGAL, NRESTRUTGEREN, NRESTRUTSIND, NRTPMODALIDSAL, IDMULTVINC, CDCONTRIBINDIVIDUAL, NRTPMOVTRANSFM, DTFIMCONTRDETERMIN, CONFIDENCIAL, NRESCALATRABM) SELECT 8 NRVINCULOH, NRVINCULOM, NRSITUFUNCM, NRCARGO, NRFUNCAO, NRORG, '01/01/2024' DTMESCOMPETENC, IDCONTRIBUISIND, SYSDATE DTINCLUSAO, NRORGINCLUSAO, CDOPERINCLUSAO, NRDEPENDIR, NRDEPENDSFAM, DTBASEFERIAS, IDREMUNERACAO, IDTPPAGAMENTO, NRESTRUTLEGAL, NRESTRUTGEREN, NRESTRUTSIND, NRTPMODALIDSAL, IDMULTVINC, CDCONTRIBINDIVIDUAL, NRTPMOVTRANSFM, DTFIMCONTRDETERMIN, CONFIDENCIAL, NRESCALATRABM FROM GPE_VINCULOH WHERE NRORG = 5862 AND NRVINCULOH = 7; | EW5: =SUBSTITUTE(SUBSTITUTE(SUBSTITUTE(SUBSTITUTE(SUBSTITUTE($EW$2,"@NRORG@",$CM$2),$CT$1,CT5),$CV$1,CV5),$CV$1,CV5),$CO$1,$CO$2) -> INSERT INTO GPE_VINCULOH (NRVINCULOH, NRVINCULOM, NRSITUFUNCM, NRCARGO, NRFUNCAO, NRORG, DTMESCOMPETENC, IDCONTRIBUISIND, DTINCLUSAO, NRORGINCLUSAO, CDOPERINCLUSAO, NRDEPENDIR, NRDEPENDSFAM, DTBASEFERIAS, IDREMUNERACAO, IDTPPAGAMENTO, NRESTRUTLEGAL, NRESTRUTGEREN, NRESTRUTSIND, NRTPMODALIDSAL, IDMULTVINC, CDCONTRIBINDIVIDUAL, NRTPMOVTRANSFM, DTFIMCONTRDETERMIN, CONFIDENCIAL, NRESCALATRABM) SELECT 9 NRVINCULOH, NRVINCULOM, NRSITUFUNCM, NRCARGO, NRFUNCAO, NRORG, '01/01/2025' DTMESCOMPETENC, IDCONTRIBUISIND, SYSDATE DTINCLUSAO, NRORGINCLUSAO, CDOPERINCLUSAO, NRDEPENDIR, NRDEPENDSFAM, DTBASEFERIAS, IDREMUNERACAO, IDTPPAGAMENTO, NRESTRUTLEGAL, NRESTRUTGEREN, NRESTRUTSIND, NRTPMODALIDSAL, IDMULTVINC, CDCONTRIBINDIVIDUAL, NRTPMOVTRANSFM, DTFIMCONTRDETERMIN, CONFIDENCIAL, NRESCALATRABM FROM GPE_VINCULOH WHERE NRORG = 5862 AND NRVINCULOH = 7; | EX5: =SUBSTITUTE(SUBSTITUTE(SUBSTITUTE(SUBSTITUTE(SUBSTITUTE(SUBSTITUTE($EX$2,"@NRORG@",$CM$2),$CW$1,CW5),$D$1,D5),$CS$1,CS5),$EN$1,EN5),$EA$1,EA5) -> INSERT INTO GPE_ALTESITUFUNC ( NRALTESITUFUNC, NRORG, NRSITUFUNCM, NRVINCULOM, DTINISITUFUNC, DTINCLUSAO, NRORGINCLUSAO, CDOPERINCLUSAO ) VALUES ( 3, 5862, (CASE WHEN '' IS NOT NULL THEN '' WHEN '31/12/2027' IS NULL THEN '1' ELSE '13' END), 3, '31/12/2027', SYSDATE, 5862, '000000099991' ); | EY5: =IF(COUNTA(AJ5:AL5)<>3,"",SUBSTITUTE(SUBSTITUTE(SUBSTITUTE(SUBSTITUTE(SUBSTITUTE(SUBSTITUTE(SUBSTITUTE($EY$2,"@NRORG@",$CM$2),$CX$1,CX5),$CP$1,CP5),$DS$1,DS5),$DT$1,DT5),$DU$1,DU5),$AM$1,AM5)) -> INSERT INTO CONTCORRPARC ( NRCONTCORRPARC, NRORG, NRPARCNEGOCIO, CDBANCO, CDAGENCIA, CDCONTCORR, NRTPCONTCORR, DTINCLUSAO, NRORGINCLUSAO, CDOPERINCLUSAO, IDATIVO ) VALUES ( 3, 5862, 206, '237', '15481', '00969311', '2', SYSDATE, 5862, '000000099991', 'S' ); | EZ5: =IF(CD5="","",SUBSTITUTE(SUBSTITUTE(SUBSTITUTE(SUBSTITUTE(SUBSTITUTE($EZ$2,"@NRORG@",$CM$2),$CY$1,CY5),$CP$1,CP5),$CD$1,CD5),$CI$1,TRIM(CI5))) | FA5: =IF($CK5="","",SUBSTITUTE(SUBSTITUTE(SUBSTITUTE(SUBSTITUTE(SUBSTITUTE($FA$2,"@NRORG@",$CM$2),$CZ$1,$CZ5),$CP$1,$CP5),$CK$1,SUBSTITUTE(TRIM($CK5),"'","")),$CJ$1,TRIM(SUBSTITUTE($CJ5,"'","")))) -> INSERT INTO COMUNICAPARC ( NRCOMUNICAPARC, NRPARCNEGOCIO, CDFORMACOMU, CDPREFIXCOMUPARC, CDCOMUNICAPARC, NRORG, IDATIVO, DTINCLUSAO, NRORGINCLUSAO, CDOPERINCLUSAO ) VALUES ( 5, 206, '02', '91', '991667874', 5862, 'S', SYSDATE, 5862, '000000099991' ); | FB5: =IF(TRIM($CE5)="","",SUBSTITUTE(SUBSTITUTE(SUBSTITUTE(SUBSTITUTE($FB$2,"@NRORG@",$CM$2),$DA$1,$DA5),$CP$1,$CP5),$CE$1,SUBSTITUTE(TRIM($CE5),"'",""))) -> INSERT INTO COMUNICAPARC ( NRCOMUNICAPARC, NRPARCNEGOCIO, CDFORMACOMU, CDCOMUNICAPARC, NRORG, IDATIVO, DTINCLUSAO, NRORGINCLUSAO, CDOPERINCLUSAO ) VALUES ( 32, 206, '05', 'nathalysilva.nutri14@gmail.com', 5862, 'S', SYSDATE, 5862, '000000099991' ); | FC5: =IF(AV5="","",SUBSTITUTE(SUBSTITUTE(SUBSTITUTE(SUBSTITUTE(SUBSTITUTE(SUBSTITUTE(SUBSTITUTE(SUBSTITUTE(SUBSTITUTE(SUBSTITUTE(SUBSTITUTE(SUBSTITUTE($FC$2,"@NRORG@",$CM$2),$DB$1,DB5),$CP$1,CP5),$DV$1,DV5),$DW$1,DW5),$DI$1,DI5),$DK$1,DK5),$DL$1,DL5),$DM$1,DM5),$DJ$1,DJ5),$AW$1,SUBSTITUTE(TRIM(AW5),"'","")),$AS$1,AS5)) -> INSERT INTO ENDERECOPARC ( NRENDERECOPARC, NRPARCNEGOCIO, CDTIPOENDERECO, NRORG, IDATIVO, DTINCLUSAO, NRORGINCLUSAO, CDOPERINCLUSAO, CDPAIS, CDMUNICIPIO, CDLOGRADOURO, NMBAIRROENDERECO, DSCOMPLEENDERECO, NRCEPENDERECO, DSENDERECO, NRIMOVELENDERECO, SGESTADO ) VALUES ( 13, 206, 'PRINCIPAL', 5862, 'S', SYSDATE, 5862, '000000099991', '0055', ( SELECT MAX(CDMUNICIPIO) FROM MUNICIPIO WHERE NMMUNICIPIO = 'BARCARENA' AND SGESTADO = 'PA' ), 'TV', 'VILA DOS CABANOS', 'QUADRA 340 LOTE 03', '00000000', 'ANTONIO JOSE', '621', 'PA'); | FD5: =IF( DC5 = "", "", SUBSTITUTE( SUBSTITUTE( SUBSTITUTE( SUBSTITUTE( SUBSTITUTE( $FD$2, "@NRORG@", $CM$2 ), "@NRMOVIMENTACAO_LEG@", $DC5 ), "@NRVINCULOM@", $CS5 ), "@ESTRUTLEGAL@", $AP5 ), "@DTADMISSAO@", $DZ5 ) ) -> INSERT INTO GPE_MOVIMENTACAO ( NRMOVIMENTACAO, NRORG, NRVINCULOM, NRTIPOTRANSFER, NRTPMOVTRANSFM, NRESTRUTURAM, DTINIMOVIMENT, DSOBSERVACAO, DTINCLUSAO, NRORGINCLUSAO, CDOPERINCLUSAO, NRTIPOESTRUTURA ) VALUES ( 3, 5862, 3, 1, 1, (SELECT MAX(NRESTRUTURAM) FROM ESTRUTURAM WHERE NRORG = 5862 AND CDINTESTRUTURA = 'est_MATSAUDE' AND NRTIPOESTRUTURA = (SELECT NRTPESTRUTLEGAL FROM GPE_PARAMORG WHERE NRORG = 5862)), '12/02/2026', 'Movimentacao gerada via migracao ' || SYSDATE, SYSDATE, 5862, '000000099991', ( SELECT NRTPESTRUTLEGAL FROM GPE_PARAMORG WHERE NRORG = 5862 ) ); | FE5: =IF( DD5 = "", "", SUBSTITUTE( SUBSTITUTE( SUBSTITUTE( SUBSTITUTE( SUBSTITUTE( $FE$2, "@NRORG@", $CM$2 ), "@NRMOVIMENTACAO_GER@", $DD5 ), "@NRVINCULOM@", $CS5 ), "@ESTRUTGEREN@", $AQ5 ), "@DTADMISSAO@", $DZ5 ) ) -> INSERT INTO GPE_MOVIMENTACAO ( NRMOVIMENTACAO, NRORG, NRVINCULOM, NRTIPOTRANSFER, NRTPMOVTRANSFM, NRESTRUTURAM, DTINIMOVIMENT, DSOBSERVACAO, DTINCLUSAO, NRORGINCLUSAO, CDOPERINCLUSAO, NRTIPOESTRUTURA ) VALUES ( 30, 5862, 3, 2, 1, (SELECT MAX(NRESTRUTURAM) FROM ESTRUTURAM WHERE NRORG = 5862 AND CDINTESTRUTURA = 'dep_090000' AND NRTIPOESTRUTURA = (SELECT NRTPESTRUTGEREN FROM GPE_PARAMORG WHERE NRORG = 5862)), '12/02/2026', 'Movimentacao gerada via migracao ' || SYSDATE, SYSDATE, 5862, '000000099991', ( SELECT NRTPESTRUTGEREN FROM GPE_PARAMORG WHERE NRORG = 5862 ) ); | FF5: =IF( DE5 = "", "", SUBSTITUTE( SUBSTITUTE( SUBSTITUTE( SUBSTITUTE( SUBSTITUTE( $FF$2, "@NRORG@", $CM$2 ), "@NRMOVIMENTACAO_SIN@", $DE5 ), "@NRVINCULOM@", $CS5 ), "@ESTRUTSIND@", $BU5 ), "@DTADMISSAO@", $DZ5 ) ) | FG5: =$FG$2 -> COMMIT; | FI5: não | FL5: existe | FP5: existe | FT5: existe | FX5: existe | GB5: 0 | GD5: - Vínculo (matrícula): 100000-2-E1070, estrutura legal | GF5: Gerencial | GG5: Precisa criar parceiro de negócio! | GI5: PK | GJ5: NRPARCNEGOCIO | GK5: NRPESSOA | GL5: NRPESSOAH | GM5: NRVINCULOM | GN5: NRALTESITUFUNC | GO5: NRCONTCORRPARC | GP5: NRCOMUNICAPARC | GQ5: NRENDERECOPARC | GR5: NRVINCULOH | GS5: NRMOVIMENTACAO | GT5: PK | GU5: =GJ5 -> NRPARCNEGOCIO | GV5: =GK5 -> NRPESSOA | GW5: =GL5 -> NRPESSOAH | GX5: =GM5 -> NRVINCULOM | GY5: =GN5 -> NRALTESITUFUNC | GZ5: =GO5 -> NRCONTCORRPARC | HA5: =GP5 -> NRCOMUNICAPARC | HB5: =GQ5 -> NRENDERECOPARC | ... HD5: =GS5 -> NRMOVIMENTACAO | HE5: PK | HF5: =GU5 -> NRPARCNEGOCIO | HG5: =GV5 -> NRPESSOA | HH5: =GW5 -> NRPESSOAH | HI5: =GX5 -> NRVINCULOM | HJ5: =GY5 -> NRALTESITUFUNC | HK5: =GZ5 -> NRCONTCORRPARC | HL5: =HA5 -> NRCOMUNICAPARC | HM5: =HB5 -> NRENDERECOPARC | ... HO5: =HD5 -> NRMOVIMENTACAO
A6: 12/02/2026 | C6: 790000-0-01641 | E6: 000008 | F6: 01/01/2000 | G6: NUNCA | H6: KALVIN KAUA GOMES SILVA | I6: S | J6: 05995953290 | K6: 059959 | L6: 53290 | M6: PA | N6: 28/06/2022 | O6: 26924322652 | Q6: 7888666 | R6: PC | S6: PA | T6: 28/06/2022 | U6: 087001671350 | V6: 81 | W6: 95 | AC6: 5 | AD6: 1058 | AE6: PA | AF6: Belem | AG6: 21/11/2008 | AH6: M | AI6: SAL1 | AJ6: 237 | AK6: 19399 | AL6: 586161 | AM6: 2 | AN6: 1 | AO6: MENSAL | AP6: est_MATSAUDE | AQ6: dep_790000 | AR6: 0055 | AS6: PA | AT6: Belem | AU6: R | AV6: JOSE MODESTO | AW6: 24 | AX6: SACRAMENTA | AY6: PROX.AO COLEGIO ESTER BANDEIRA | AZ6: 66123600 | BA6: 1 | BC6: 12/02/2026 | BF6: 0074-7 | BG6: UNICO | BM6: 19/01/2028 | BN6: 1 | BO6: 1 | BP6: 12/02/2026 | BQ6: 0 | BR6: 0 | BS6: 1 | BT6: 6 | BU6: sin_07 | BV6: 0 | BW6: 0 | BX6: 02/02/2027 | CC6: 1 | CE6: kalgms21@gmail.com | CF6: 761.34 | CG6: JOSE RIBAMAR MONTEIRO SILVA | CH6: ELIZANGELA DA SILVA GOMES | CJ6: 91 | CK6: 980835929 | CM6: Não excluir esta linha | CP6: =CP5+1 -> 207 | CQ6: =CQ5+1 -> 4 | CR6: =CR5+1 -> 4 | CS6: =CS5+1 -> 4 | CT6: =CT5+3 -> 10 | CU6: =CU5+3 -> 11 | CV6: =CV5+3 -> 12 | CW6: =CW5+1 -> 4 | CX6: =IF( COUNTA( AJ6:AL6 ) <> 3, CX5, CX5 + 1 ) -> 4 | CY6: =IF( TRIM( CD6 ) = "", CY5, CY5 + 1 ) -> 1 | CZ6: =IF( TRIM( CK6 ) = "", CZ5, CZ5 + 1 ) -> 6 | DA6: =IF( TRIM( CE6 ) = "", DA5, DA5 + 1 ) -> 33 | DB6: =DB5+1 -> 14 | DC6: =IF( OR( AP6 = "", FT6 <> "existe" ), "", LARGE( DC$2:DC5, 1 ) + 1 ) -> 4 | DD6: =IF( OR( AQ6 = "", FX6 <> "existe" ), "", LARGE( DD$2:DD5, 1 ) + 1 ) -> 31 | DE6: =IF( OR( BU6 = "", GB6 <> "existe" ), "", LARGE( DE$2:DE5, 1 ) + 1 ) -> 56 | DF6: =TRIM(UPPER(G6)) -> NUNCA | DG6: =UPPER( TRIM(SUBSTITUTE(SUBSTITUTE(AF6,"'",""),"&","")) ) -> BELEM | DH6: =IF(TRIM(AN6) = "", "", TRIM(AN6)*1) -> 1 | DI6: =UPPER( MID( SUBSTITUTE( SUBSTITUTE( SUBSTITUTE(AU6, "Ç", "C"), "Ã", "A"), "Á", "A"), 1, 4) ) -> R | DJ6: =TRIM(SUBSTITUTE(SUBSTITUTE(AV6,"'",""),"&","")) -> JOSE MODESTO | DK6: =TRIM(SUBSTITUTE(SUBSTITUTE(AX6,"'",""),"&","")) -> SACRAMENTA | DL6: =TRIM(SUBSTITUTE(SUBSTITUTE(AY6,"'",""),"&","")) -> PROX.AO COLEGIO ESTER BANDEIRA | DM6: =TRIM(SUBSTITUTE(SUBSTITUTE(AZ6,"'",""),"&","")) -> 66123600 | DN6: =BF6 -> 0074-7 | DO6: =TRIM(BQ6) -> 0 | DP6: =TRIM(BR6) -> 0 | DQ6: =IFERROR( SUBSTITUTE( SUBSTITUTE( SUBSTITUTE( SUBSTITUTE( AB6, ".", "" ), ",", "" ), "-", "" ), " ", "" ) * 1, "" ) | DR6: =TRIM(SUBSTITUTE(SUBSTITUTE(Q6,"'",""),"+","")) -> 7888666 | DS6: =TEXT(AJ6,"000") -> 237 | DT6: =UPPER( MID( SUBSTITUTE( TRIM( AK6 ), "-", "" ), 1, 5 ) ) -> 19399 | DU6: =UPPER( SUBSTITUTE( TRIM( AL6 ), "-", "" ) ) -> 586161 | DV6: =TEXT(AR6,"0000") -> 0055 | DW6: =UPPER( TRIM(SUBSTITUTE(SUBSTITUTE(AT6,"'",""),"&","")) ) -> BELEM | DX6: {=TEXT( MIG_NORMA.NÚMERICO( J6 ), "00000000000" )} -> 05995953290 | DY6: {=TEXT( MIG_NORMA.NÚMERICO( K6 ), "0000000" )} -> 0059959 | DZ6: =IF(TRIM(A6)="","",TEXT(TRIM(A6),"DD/MM/AAAA")) -> 12/02/2026 | EA6: =IF(TRIM(B6)="","",TEXT(TRIM(B6),"DD/MM/AAAA")) | EB6: =IF(TRIM(AG6)="","",TEXT(TRIM(AG6),"DD/MM/AAAA")) -> 21/11/2008 | EC6: =IF(TRIM(N6)="","",TEXT(TRIM(N6),"DD/MM/AAAA")) -> 28/06/2022 | ED6: =IF(TRIM(P6)="","",TEXT(TRIM(P6),"DD/MM/AAAA")) | EE6: =IF(TRIM(Y6)="","",TEXT(TRIM(Y6),"DD/MM/AAAA")) | EF6: =IF(TRIM(T6)="","",TEXT(TRIM(T6),"DD/MM/AAAA")) -> 28/06/2022 | EG6: =IF(TRIM(BC6)="","",TEXT(TRIM(BC6),"DD/MM/AAAA")) -> 12/02/2026 | EH6: =IF(TRIM(BD6)="","",TEXT(TRIM(BD6),"DD/MM/AAAA")) | EI6: =IF(TRIM(BE6)="","",TEXT(TRIM(BE6),"DD/MM/AAAA")) | EJ6: =IF(TRIM(BX6)="","",TEXT(TRIM(BX6),"DD/MM/AAAA")) -> 02/02/2027 | EK6: =IF(TRIM(BY6)="","",TEXT(TRIM(BY6),"DD/MM/AAAA")) | EL6: =IF(TRIM(BK6)="","",TEXT(TRIM(BK6),"DD/MM/AAAA")) | EM6: =IF(TRIM(BP6)="","",TEXT(TRIM(BP6),"DD/MM/AAAA")) -> 12/02/2026 | EN6: =IF(EA6="",DZ6,EA6) -> 12/02/2026 | EO6: =IF(TRIM(BM6)="","",TEXT(TRIM(BM6),"DD/MM/AAAA")) -> 19/01/2028 | EP6: =MID(TRIM(AA6),1,20) | EQ6: =SUBSTITUTE(SUBSTITUTE(SUBSTITUTE(SUBSTITUTE(SUBSTITUTE(SUBSTITUTE(SUBSTITUTE($EQ$2,"@NRORG@",$CM$2),$CP$1,CP6),$H$1,H6),$EB$1,EB6),$J$1,J6),$CP$1,CP6),$DX$1,DX6) -> INSERT INTO PARCNEGOCIO ( NRPARCNEGOCIO, NRORG, NMPRINCIPALPARC, NMSECUNDARIPARC, DTNASCIFUNDPARC, NRINSCRICAOPARC, IDATIVO, DTINCLUSAO, NRORGINCLUSAO, CDOPERINCLUSAO, CDTIPOPARCPRINCIPAL, CDTIPOINSCRICAO, IDPESSOAFISICA, IDINSTITUICAO, IDPARCFUNDIDO ) VALUES ( 207, 5862, 'KALVIN KAUA GOMES SILVA', 'KALVIN KAUA GOMES SILVA', '21/11/2008', '05995953290', 'S', SYSDATE, 5862, '000000099991', 'PESSOA', 'CPF', 'S', 'N', 'N' ); | ER6: =SUBSTITUTE(SUBSTITUTE(SUBSTITUTE($ER$2,"@NRORG@",$CM$2),$CQ$1,CQ6),$CP$1,CP6) -> INSERT INTO GPE_PESSOA ( NRPESSOA, NRORG, NRPARCNEGOCIO, DTINCLUSAO, NRORGINCLUSAO, CDOPERINCLUSAO ) VALUES ( 4, 5862, 207, SYSDATE, 5862, '000000099991' ); | ES6: =SUBSTITUTE( SUBSTITUTE( SUBSTITUTE( SUBSTITUTE( SUBSTITUTE( SUBSTITUTE( SUBSTITUTE( SUBSTITUTE( SUBSTITUTE( SUBSTITUTE( SUBSTITUTE( SUBSTITUTE( SUBSTITUTE( SUBSTITUTE( SUBSTITUTE( SUBSTITUTE( SUBSTITUTE( SUBSTITUTE( SUBSTITUTE( SUBSTITUTE( SUBSTITUTE( SUBSTITUTE( SUBSTITUTE( SUBSTITUTE( SUBSTITUTE( SUBSTITUTE( SUBSTITUTE( SUBSTITUTE( SUBSTITUTE( SUBSTITUTE( SUBSTITUTE( SUBSTITUTE( SUBSTITUTE( $ES$2, "@NRORG@", $CM$2 ), "@NRPESSOAH@", $CR6 ), "@NRPESSOA@", $CQ6 ), "@NOMEVINC@", $H6 ), "@CDESTACIVIL@", $I6 ), "@CPF@", $DX6 ), "@CTPS@", $DY6 ), "@SERIECTPS@", $L6 ), "@UFCTPS@", $M6 ), "@DTCTPS@", $EC6 ), "@PIS@", $O6 ), "@DTPIS@", $ED6 ), "@TITUELEI@", $U6 ), "@SECAOELEI@", $V6 ), "@ZONAELEI@", $W6 ), "@CNH@", $X6 ), "@DTVALCNH@", $EE6 ), "@CATCNH@", $Z6 ), "@NRCATMILITARPE@", $DQ6 ), "@NRCERTRESE@", $EP6 ), "@NRRACA@", $AC6 ), "@CDPAIS@", $AD6 ), "@SGESTADO@", $AE6 ), "@NMMUNICIPIO@", $DG6 ), "@DTNASCI@", $EB6 ), "@IDSEXO@", $AH6 ), "@NRRG@", $DR6 ), "@CDEXRG@", SUBSTITUTE($R6,"'","") ), "@UFRG@", $S6 ), "@DTEXRG@", $EF6 ), "@NRNACIONALID@", $DH6 ), "@NRGRAUINSTR@", $BT6 ),"@NRCONDFISPES@", $CC6 ) -> INSERT INTO GPE_PESSOAH ( NRPESSOAH, NRPESSOA, NRORG, DTMESCOMPETENC, NMPESSOA, CDESTACIVIL, NRCPFPESSOA, NRCTPSPESSOA, NRSERIECTPSPES, SGUFCTPSPES, DTCTPSPESSOA, NRPISPASEPPES, DTINSCPISPASEP, NRTITUELEIPES, NRSECAELEIPES, NRZONAELEIPES, NRCARTHABPES, DTVALHABCARTPES, DSCATEGHABCART, NRCATMILITARPE, NRCERTRESEPES, DTINCLUSAO, NRORGINCLUSAO, CDOPERINCLUSAO, NRRACAPESSOA, CDPAIS, SGESTADO, CDMUNICIPIO, DTNASCPESSOA, IDSEXOPESSOA, NRRGPESSOA, CDEXRGPESSOA, SGUFRGPESSOA, DTEXRGPESSOA, NRNACIONALID, NRGRAUINSTR, NRCONDFISPES ) VALUES ( 4, 4, 5862, '01/01/2000', 'KALVIN KAUA GOMES SILVA', 'S', '05995953290', '0059959', '53290', 'PA', '28/06/2022', '26924322652', '', '087001671350', '81', '95', '', '', '', (SELECT NRCATMILITARPE FROM GPE_CATMILITARPE WHERE NRCATMILITARPE = ''), '', SYSDATE, 5862, '000000099991', '5', '1058', 'PA', (SELECT MAX(CDMUNICIPIO) FROM MUNICIPIO WHERE NMMUNICIPIO = 'BELEM'), '21/11/2008', 'M', '7888666', 'PC', 'PA', '28/06/2022', '1', '6' , '1'); | ET6: =SUBSTITUTE(SUBSTITUTE(SUBSTITUTE(SUBSTITUTE(SUBSTITUTE(SUBSTITUTE(SUBSTITUTE(SUBSTITUTE(SUBSTITUTE(SUBSTITUTE(SUBSTITUTE(SUBSTITUTE(SUBSTITUTE(SUBSTITUTE(SUBSTITUTE(SUBSTITUTE(SUBSTITUTE(SUBSTITUTE(SUBSTITUTE(SUBSTITUTE(SUBSTITUTE($ET$2,"@NRORG@",$CM$2),$CS$1,CS6),$CQ$1,CQ6),$C$1,C6),$DZ$1,DZ6),$EA$1,EA6),$BA$1,BA6),$BN$1,BN6),$BO$1,BO6),$BB$1,BB6),$EG$1,EG6),$EH$1,EH6),$EI$1,EI6),$H$1,H6),$BI$1,BI6),$BJ$1,BJ6),$EL$1,EL6),$BV$1,BV6),$BW$1,BW6),$EJ$1,EJ6),$EK$1,EK6) -> INSERT INTO GPE_VINCULOM (NRVINCULOM, NRPESSOA, NRORG, CDMATRICULA, DTADMISSAOVINC, DTRESCISAOVINC, DTINCLUSAO, NRORGINCLUSAO, CDOPERINCLUSAO, NRTIPOVINCULOM, NRVINCULOEMPREG, NRTPADMISSAO, NRTPDEMISSAO, DTOPCAOFGTS, DTAPOSENTAFGTS, DTPRIMADMISSAO, NMVINCULOM, NRMOTIVORESC, DSOBSRESCISAO, DTAVISOPREVIO, NRDIASCONTRATOEXP, NRDIASCONTRATOEXPPRO, DTEXAMEMEDICO, DTAVISOTRCT) VALUES (4, 4, 5862, '790000-0-01641', '12/02/2026', '', SYSDATE, 5862, '000000099991', '1', '1', '1', '', '12/02/2026', '', '', 'KALVIN KAUA GOMES SILVA', '', '', '', '0', '0', '02/02/2027', ''); | EU6: =SUBSTITUTE( SUBSTITUTE( SUBSTITUTE( SUBSTITUTE( SUBSTITUTE( SUBSTITUTE( SUBSTITUTE( SUBSTITUTE( SUBSTITUTE( SUBSTITUTE( SUBSTITUTE( SUBSTITUTE( SUBSTITUTE( SUBSTITUTE( SUBSTITUTE( SUBSTITUTE( SUBSTITUTE( SUBSTITUTE( SUBSTITUTE( SUBSTITUTE( SUBSTITUTE( $EU$2, "@NRORG@", $CM$2 ), "@NRVINCULOH@", $CT6 ), "@NRVINCULOM@", $CS6 ), "@NRSITUFUNCM@", $D6 ), "@OCUPACAO@", $DN6 ), "@IDCONTRIBUISIND@", $DF6 ), "@NRDEPENDIR@", $DO6 ), "@NRDEPENDSFAM@", $DP6 ), "@DTBASEFERIAS@", $EM6 ), "@IDREMUNERACAO@", $AI6 ), "@IDTPPAGAMENTO@", $AO6 ), "@ESTRUTLEGAL@", $AP6 ), "@ESTRUTGEREN@", $AQ6 ), "@ESTRUTSIND@", $BU6 ), "@NRTPMODALIDSAL@", $BS6 ), "@IDMULTVINC@", $BG6 ), "@CDCONTRIBINDIVIDUAL@", $BH6 ), "@DTFIMCONTRDETERMIN@", $EO6 ), "@NRESCALATRABM@", $E6 ), "@CORINGASIND@", $GF$8 ), "@CORINGAGEREN@", $GF$6 ) -> INSERT INTO GPE_VINCULOH (NRVINCULOH, NRVINCULOM, NRSITUFUNCM, NRCARGO, NRFUNCAO, NRORG, DTMESCOMPETENC, IDCONTRIBUISIND, DTINCLUSAO, NRORGINCLUSAO, CDOPERINCLUSAO, NRDEPENDIR, NRDEPENDSFAM, DTBASEFERIAS, IDREMUNERACAO, IDTPPAGAMENTO, NRESTRUTLEGAL, NRESTRUTGEREN, NRESTRUTSIND, NRTPMODALIDSAL, IDMULTVINC, CDCONTRIBINDIVIDUAL, NRTPMOVTRANSFM, DTFIMCONTRDETERMIN, CONFIDENCIAL, NRESCALATRABM) VALUES (10, 4, '', (SELECT MAX(NROCUPACAOM) FROM GPE_OCUPACAOH WHERE NRORG = 5862 AND CDINTEGRACAO = '0074-7'), (SELECT MAX(NROCUPACAOM) FROM GPE_OCUPACAOH WHERE NRORG = 5862 AND CDINTEGRACAO = '0074-7'), 5862, '01/01/2000', 'NUNCA', SYSDATE, 5862, '000000099991', '0', '0', '12/02/2026', 'SAL1', 'MENSAL', (SELECT MAX(NRESTRUTURAM) FROM ESTRUTURAM WHERE NRORG = 5862 AND CDINTESTRUTURA = 'est_MATSAUDE'), NVL((SELECT MAX(NRESTRUTURAM) FROM ESTRUTURAM WHERE NRORG = 5862 AND CDINTESTRUTURA = 'dep_790000'), 999992), NVL((SELECT MAX(NRESTRUTURAM) FROM ESTRUTURAM WHERE NRORG = 5862 AND CDINTESTRUTURA = 'sin_07'), 999993), '1', 'UNICO', '', 2, '19/01/2028', 'N', (SELECT MAX(NRESCALATRABM) FROM GPE_ESCALATRABH WHERE NRORG = 5862 AND NRESCALATRABM = '000008') ); | EV6: =SUBSTITUTE(SUBSTITUTE(SUBSTITUTE(SUBSTITUTE(SUBSTITUTE($EV$2,"@NRORG@",$CM$2),$CT$1,CT6),$CU$1,CU6),$CV$1,CV6),$CN$1,$CN$2) -> INSERT INTO GPE_VINCULOH (NRVINCULOH, NRVINCULOM, NRSITUFUNCM, NRCARGO, NRFUNCAO, NRORG, DTMESCOMPETENC, IDCONTRIBUISIND, DTINCLUSAO, NRORGINCLUSAO, CDOPERINCLUSAO, NRDEPENDIR, NRDEPENDSFAM, DTBASEFERIAS, IDREMUNERACAO, IDTPPAGAMENTO, NRESTRUTLEGAL, NRESTRUTGEREN, NRESTRUTSIND, NRTPMODALIDSAL, IDMULTVINC, CDCONTRIBINDIVIDUAL, NRTPMOVTRANSFM, DTFIMCONTRDETERMIN, CONFIDENCIAL, NRESCALATRABM) SELECT 11 NRVINCULOH, NRVINCULOM, NRSITUFUNCM, NRCARGO, NRFUNCAO, NRORG, '01/01/2024' DTMESCOMPETENC, IDCONTRIBUISIND, SYSDATE DTINCLUSAO, NRORGINCLUSAO, CDOPERINCLUSAO, NRDEPENDIR, NRDEPENDSFAM, DTBASEFERIAS, IDREMUNERACAO, IDTPPAGAMENTO, NRESTRUTLEGAL, NRESTRUTGEREN, NRESTRUTSIND, NRTPMODALIDSAL, IDMULTVINC, CDCONTRIBINDIVIDUAL, NRTPMOVTRANSFM, DTFIMCONTRDETERMIN, CONFIDENCIAL, NRESCALATRABM FROM GPE_VINCULOH WHERE NRORG = 5862 AND NRVINCULOH = 10; | EW6: =SUBSTITUTE(SUBSTITUTE(SUBSTITUTE(SUBSTITUTE(SUBSTITUTE($EW$2,"@NRORG@",$CM$2),$CT$1,CT6),$CV$1,CV6),$CV$1,CV6),$CO$1,$CO$2) -> INSERT INTO GPE_VINCULOH (NRVINCULOH, NRVINCULOM, NRSITUFUNCM, NRCARGO, NRFUNCAO, NRORG, DTMESCOMPETENC, IDCONTRIBUISIND, DTINCLUSAO, NRORGINCLUSAO, CDOPERINCLUSAO, NRDEPENDIR, NRDEPENDSFAM, DTBASEFERIAS, IDREMUNERACAO, IDTPPAGAMENTO, NRESTRUTLEGAL, NRESTRUTGEREN, NRESTRUTSIND, NRTPMODALIDSAL, IDMULTVINC, CDCONTRIBINDIVIDUAL, NRTPMOVTRANSFM, DTFIMCONTRDETERMIN, CONFIDENCIAL, NRESCALATRABM) SELECT 12 NRVINCULOH, NRVINCULOM, NRSITUFUNCM, NRCARGO, NRFUNCAO, NRORG, '01/01/2025' DTMESCOMPETENC, IDCONTRIBUISIND, SYSDATE DTINCLUSAO, NRORGINCLUSAO, CDOPERINCLUSAO, NRDEPENDIR, NRDEPENDSFAM, DTBASEFERIAS, IDREMUNERACAO, IDTPPAGAMENTO, NRESTRUTLEGAL, NRESTRUTGEREN, NRESTRUTSIND, NRTPMODALIDSAL, IDMULTVINC, CDCONTRIBINDIVIDUAL, NRTPMOVTRANSFM, DTFIMCONTRDETERMIN, CONFIDENCIAL, NRESCALATRABM FROM GPE_VINCULOH WHERE NRORG = 5862 AND NRVINCULOH = 10; | EX6: =SUBSTITUTE(SUBSTITUTE(SUBSTITUTE(SUBSTITUTE(SUBSTITUTE(SUBSTITUTE($EX$2,"@NRORG@",$CM$2),$CW$1,CW6),$D$1,D6),$CS$1,CS6),$EN$1,EN6),$EA$1,EA6) -> INSERT INTO GPE_ALTESITUFUNC ( NRALTESITUFUNC, NRORG, NRSITUFUNCM, NRVINCULOM, DTINISITUFUNC, DTINCLUSAO, NRORGINCLUSAO, CDOPERINCLUSAO ) VALUES ( 4, 5862, (CASE WHEN '' IS NOT NULL THEN '' WHEN '' IS NULL THEN '1' ELSE '13' END), 4, '12/02/2026', SYSDATE, 5862, '000000099991' ); | EY6: =IF(COUNTA(AJ6:AL6)<>3,"",SUBSTITUTE(SUBSTITUTE(SUBSTITUTE(SUBSTITUTE(SUBSTITUTE(SUBSTITUTE(SUBSTITUTE($EY$2,"@NRORG@",$CM$2),$CX$1,CX6),$CP$1,CP6),$DS$1,DS6),$DT$1,DT6),$DU$1,DU6),$AM$1,AM6)) -> INSERT INTO CONTCORRPARC ( NRCONTCORRPARC, NRORG, NRPARCNEGOCIO, CDBANCO, CDAGENCIA, CDCONTCORR, NRTPCONTCORR, DTINCLUSAO, NRORGINCLUSAO, CDOPERINCLUSAO, IDATIVO ) VALUES ( 4, 5862, 207, '237', '19399', '586161', '2', SYSDATE, 5862, '000000099991', 'S' ); | EZ6: =IF(CD6="","",SUBSTITUTE(SUBSTITUTE(SUBSTITUTE(SUBSTITUTE(SUBSTITUTE($EZ$2,"@NRORG@",$CM$2),$CY$1,CY6),$CP$1,CP6),$CD$1,CD6),$CI$1,TRIM(CI6))) | FA6: =IF($CK6="","",SUBSTITUTE(SUBSTITUTE(SUBSTITUTE(SUBSTITUTE(SUBSTITUTE($FA$2,"@NRORG@",$CM$2),$CZ$1,$CZ6),$CP$1,$CP6),$CK$1,SUBSTITUTE(TRIM($CK6),"'","")),$CJ$1,TRIM(SUBSTITUTE($CJ6,"'","")))) -> INSERT INTO COMUNICAPARC ( NRCOMUNICAPARC, NRPARCNEGOCIO, CDFORMACOMU, CDPREFIXCOMUPARC, CDCOMUNICAPARC, NRORG, IDATIVO, DTINCLUSAO, NRORGINCLUSAO, CDOPERINCLUSAO ) VALUES ( 6, 207, '02', '91', '980835929', 5862, 'S', SYSDATE, 5862, '000000099991' ); | FB6: =IF(TRIM($CE6)="","",SUBSTITUTE(SUBSTITUTE(SUBSTITUTE(SUBSTITUTE($FB$2,"@NRORG@",$CM$2),$DA$1,$DA6),$CP$1,$CP6),$CE$1,SUBSTITUTE(TRIM($CE6),"'",""))) -> INSERT INTO COMUNICAPARC ( NRCOMUNICAPARC, NRPARCNEGOCIO, CDFORMACOMU, CDCOMUNICAPARC, NRORG, IDATIVO, DTINCLUSAO, NRORGINCLUSAO, CDOPERINCLUSAO ) VALUES ( 33, 207, '05', 'kalgms21@gmail.com', 5862, 'S', SYSDATE, 5862, '000000099991' ); | FC6: =IF(AV6="","",SUBSTITUTE(SUBSTITUTE(SUBSTITUTE(SUBSTITUTE(SUBSTITUTE(SUBSTITUTE(SUBSTITUTE(SUBSTITUTE(SUBSTITUTE(SUBSTITUTE(SUBSTITUTE(SUBSTITUTE($FC$2,"@NRORG@",$CM$2),$DB$1,DB6),$CP$1,CP6),$DV$1,DV6),$DW$1,DW6),$DI$1,DI6),$DK$1,DK6),$DL$1,DL6),$DM$1,DM6),$DJ$1,DJ6),$AW$1,SUBSTITUTE(TRIM(AW6),"'","")),$AS$1,AS6)) -> INSERT INTO ENDERECOPARC ( NRENDERECOPARC, NRPARCNEGOCIO, CDTIPOENDERECO, NRORG, IDATIVO, DTINCLUSAO, NRORGINCLUSAO, CDOPERINCLUSAO, CDPAIS, CDMUNICIPIO, CDLOGRADOURO, NMBAIRROENDERECO, DSCOMPLEENDERECO, NRCEPENDERECO, DSENDERECO, NRIMOVELENDERECO, SGESTADO ) VALUES ( 14, 207, 'PRINCIPAL', 5862, 'S', SYSDATE, 5862, '000000099991', '0055', ( SELECT MAX(CDMUNICIPIO) FROM MUNICIPIO WHERE NMMUNICIPIO = 'BELEM' AND SGESTADO = 'PA' ), 'R', 'SACRAMENTA', 'PROX.AO COLEGIO ESTER BANDEIRA', '66123600', 'JOSE MODESTO', '24', 'PA'); | FD6: =IF( DC6 = "", "", SUBSTITUTE( SUBSTITUTE( SUBSTITUTE( SUBSTITUTE( SUBSTITUTE( $FD$2, "@NRORG@", $CM$2 ), "@NRMOVIMENTACAO_LEG@", $DC6 ), "@NRVINCULOM@", $CS6 ), "@ESTRUTLEGAL@", $AP6 ), "@DTADMISSAO@", $DZ6 ) ) -> INSERT INTO GPE_MOVIMENTACAO ( NRMOVIMENTACAO, NRORG, NRVINCULOM, NRTIPOTRANSFER, NRTPMOVTRANSFM, NRESTRUTURAM, DTINIMOVIMENT, DSOBSERVACAO, DTINCLUSAO, NRORGINCLUSAO, CDOPERINCLUSAO, NRTIPOESTRUTURA ) VALUES ( 4, 5862, 4, 1, 1, (SELECT MAX(NRESTRUTURAM) FROM ESTRUTURAM WHERE NRORG = 5862 AND CDINTESTRUTURA = 'est_MATSAUDE' AND NRTIPOESTRUTURA = (SELECT NRTPESTRUTLEGAL FROM GPE_PARAMORG WHERE NRORG = 5862)), '12/02/2026', 'Movimentacao gerada via migracao ' || SYSDATE, SYSDATE, 5862, '000000099991', ( SELECT NRTPESTRUTLEGAL FROM GPE_PARAMORG WHERE NRORG = 5862 ) ); | FE6: =IF( DD6 = "", "", SUBSTITUTE( SUBSTITUTE( SUBSTITUTE( SUBSTITUTE( SUBSTITUTE( $FE$2, "@NRORG@", $CM$2 ), "@NRMOVIMENTACAO_GER@", $DD6 ), "@NRVINCULOM@", $CS6 ), "@ESTRUTGEREN@", $AQ6 ), "@DTADMISSAO@", $DZ6 ) ) -> INSERT INTO GPE_MOVIMENTACAO ( NRMOVIMENTACAO, NRORG, NRVINCULOM, NRTIPOTRANSFER, NRTPMOVTRANSFM, NRESTRUTURAM, DTINIMOVIMENT, DSOBSERVACAO, DTINCLUSAO, NRORGINCLUSAO, CDOPERINCLUSAO, NRTIPOESTRUTURA ) VALUES ( 31, 5862, 4, 2, 1, (SELECT MAX(NRESTRUTURAM) FROM ESTRUTURAM WHERE NRORG = 5862 AND CDINTESTRUTURA = 'dep_790000' AND NRTIPOESTRUTURA = (SELECT NRTPESTRUTGEREN FROM GPE_PARAMORG WHERE NRORG = 5862)), '12/02/2026', 'Movimentacao gerada via migracao ' || SYSDATE, SYSDATE, 5862, '000000099991', ( SELECT NRTPESTRUTGEREN FROM GPE_PARAMORG WHERE NRORG = 5862 ) ); | FF6: =IF( DE6 = "", "", SUBSTITUTE( SUBSTITUTE( SUBSTITUTE( SUBSTITUTE( SUBSTITUTE( $FF$2, "@NRORG@", $CM$2 ), "@NRMOVIMENTACAO_SIN@", $DE6 ), "@NRVINCULOM@", $CS6 ), "@ESTRUTSIND@", $BU6 ), "@DTADMISSAO@", $DZ6 ) ) -> INSERT INTO GPE_MOVIMENTACAO ( NRMOVIMENTACAO, NRORG, NRVINCULOM, NRTIPOTRANSFER, NRTPMOVTRANSFM, NRESTRUTURAM, DTINIMOVIMENT, DSOBSERVACAO, DTINCLUSAO, NRORGINCLUSAO, CDOPERINCLUSAO, NRTIPOESTRUTURA ) VALUES ( 56, 5862, 4, 1, 1, (SELECT MAX(NRESTRUTURAM) FROM ESTRUTURAM WHERE NRORG = 5862 AND CDINTESTRUTURA = 'sin_07' AND NRTIPOESTRUTURA = 10), '12/02/2026', 'Movimentacao gerada via migracao ' || SYSDATE, SYSDATE, 5862, '000000099991', 10 ); | FG6: =$FG$2 -> COMMIT; | FI6: não | FL6: existe | FP6: existe | FT6: existe | FX6: existe | GB6: existe | GD6: - Vínculo (matrícula): 100000-2-E1074, estrutura legal | GF6: 999992 | GI6: Inicio PK | GJ6: =MIN(OFFSET($A$1,2,MATCH(GJ$3,$1:$1,0)-1,1048574,1)) -> 204 | GK6: =MIN(OFFSET($A$1,2,MATCH(GK$3,$1:$1,0)-1,1048574,1)) -> 1 | GL6: =MIN(OFFSET($A$1,2,MATCH(GL$3,$1:$1,0)-1,1048574,1)) -> 1 | GM6: =MIN(OFFSET($A$1,2,MATCH(GM$3,$1:$1,0)-1,1048574,1)) -> 1 | GN6: =MIN(OFFSET($A$1,2,MATCH(GN$3,$1:$1,0)-1,1048574,1)) -> 1 | GO6: =MIN(OFFSET($A$1,2,MATCH(GO$3,$1:$1,0)-1,1048574,1)) -> 1 | GP6: =MIN(OFFSET($A$1,2,MATCH(GP$3,$1:$1,0)-1,1048574,1)) -> 1 | GQ6: =MIN(OFFSET($A$1,2,MATCH(GQ$3,$1:$1,0)-1,1048574,1)) -> 11 | GR6: =MIN(OFFSET($A$1,2,MATCH(GR$3,$1:$1,0)-1,1048574,3)) -> 1 | GS6: =MIN(OFFSET($A$1,2,MATCH(GS$3,$1:$1,0)-1,1048574,3)) -> 1 | GT6: Inicio PK | GU6: =GJ6 -> 204 | GV6: =GK6 -> 1 | GW6: =GL6 -> 1 | GX6: =GM6 -> 1 | GY6: =GN6 -> 1 | GZ6: =GO6 -> 1 | HA6: =GP6 -> 1 | HB6: =GQ6 -> 11 | ... HD6: =GS6 -> 1
A7: 12/02/2026 | C7: 790000-0-01642 | E7: 000012 | F7: 01/01/2000 | G7: NUNCA | H7: SABRINA PANTOJA ESTUMANO | I7: S | J7: 06359714299 | K7: 063597 | L7: 14299 | M7: PA | N7: 18/09/2025 | O7: 16682656263 | Q7: 8752750 | R7: PC | S7: PA | T7: 18/09/2025 | U7: 088286931325 | V7: 304 | W7: 107 | AC7: 5 | AD7: 1058 | AE7: PA | AF7: Mocajuba | AG7: 12/03/2008 | AH7: F | AI7: SAL1 | AJ7: 237 | AK7: 57371 | AL7: 227390 | AM7: 2 | AN7: 1 | AO7: MENSAL | AP7: est_MATSAUDE | AQ7: dep_790000 | AR7: 0055 | AS7: PA | AT7: Ananindeua | AU7: R | AV7: DR. OSVALDO CRUZ | AW7: 02 | AX7: ICUI GUAJARA | AY7: PX. PSS PRINCESA DIANA 02 | AZ7: 67125780 | BA7: 1 | BC7: 12/02/2026 | BF7: 0074-7 | BG7: UNICO | BM7: 19/01/2028 | BN7: 1 | BO7: 1 | BP7: 12/02/2026 | BQ7: 0 | BR7: 0 | BS7: 1 | BT7: 7 | BU7: sin_01 | BV7: 0 | BW7: 0 | BX7: 12/02/2027 | CC7: 1 | CE7: sabrinaestumano738@gmail.com | CF7: 761.34 | CG7: SIVALDO TRINDADE ESTUMANO | CH7: SILVANE VALENTE PANTOJA | CJ7: 91 | CK7: 981418317 | CM7: Não excluir esta linha | CP7: =CP6+1 -> 208 | CQ7: =CQ6+1 -> 5 | CR7: =CR6+1 -> 5 | CS7: =CS6+1 -> 5 | CT7: =CT6+3 -> 13 | CU7: =CU6+3 -> 14 | CV7: =CV6+3 -> 15 | CW7: =CW6+1 -> 5 | CX7: =IF( COUNTA( AJ7:AL7 ) <> 3, CX6, CX6 + 1 ) -> 5 | CY7: =IF( TRIM( CD7 ) = "", CY6, CY6 + 1 ) -> 1 | CZ7: =IF( TRIM( CK7 ) = "", CZ6, CZ6 + 1 ) -> 7 | DA7: =IF( TRIM( CE7 ) = "", DA6, DA6 + 1 ) -> 34 | DB7: =DB6+1 -> 15 | DC7: =IF( OR( AP7 = "", FT7 <> "existe" ), "", LARGE( DC$2:DC6, 1 ) + 1 ) -> 5 | DD7: =IF( OR( AQ7 = "", FX7 <> "existe" ), "", LARGE( DD$2:DD6, 1 ) + 1 ) -> 32 | DE7: =IF( OR( BU7 = "", GB7 <> "existe" ), "", LARGE( DE$2:DE6, 1 ) + 1 ) -> 57 | DF7: =TRIM(UPPER(G7)) -> NUNCA | DG7: =UPPER( TRIM(SUBSTITUTE(SUBSTITUTE(AF7,"'",""),"&","")) ) -> MOCAJUBA | DH7: =IF(TRIM(AN7) = "", "", TRIM(AN7)*1) -> 1 | DI7: =UPPER( MID( SUBSTITUTE( SUBSTITUTE( SUBSTITUTE(AU7, "Ç", "C"), "Ã", "A"), "Á", "A"), 1, 4) ) -> R | DJ7: =TRIM(SUBSTITUTE(SUBSTITUTE(AV7,"'",""),"&","")) -> DR. OSVALDO CRUZ | DK7: =TRIM(SUBSTITUTE(SUBSTITUTE(AX7,"'",""),"&","")) -> ICUI GUAJARA | DL7: =TRIM(SUBSTITUTE(SUBSTITUTE(AY7,"'",""),"&","")) -> PX. PSS PRINCESA DIANA 02 | DM7: =TRIM(SUBSTITUTE(SUBSTITUTE(AZ7,"'",""),"&","")) -> 67125780 | DN7: =BF7 -> 0074-7 | DO7: =TRIM(BQ7) -> 0 | DP7: =TRIM(BR7) -> 0 | DQ7: =IFERROR( SUBSTITUTE( SUBSTITUTE( SUBSTITUTE( SUBSTITUTE( AB7, ".", "" ), ",", "" ), "-", "" ), " ", "" ) * 1, "" ) | DR7: =TRIM(SUBSTITUTE(SUBSTITUTE(Q7,"'",""),"+","")) -> 8752750 | DS7: =TEXT(AJ7,"000") -> 237 | DT7: =UPPER( MID( SUBSTITUTE( TRIM( AK7 ), "-", "" ), 1, 5 ) ) -> 57371 | DU7: =UPPER( SUBSTITUTE( TRIM( AL7 ), "-", "" ) ) -> 227390 | DV7: =TEXT(AR7,"0000") -> 0055 | DW7: =UPPER( TRIM(SUBSTITUTE(SUBSTITUTE(AT7,"'",""),"&","")) ) -> ANANINDEUA | DX7: {=TEXT( MIG_NORMA.NÚMERICO( J7 ), "00000000000" )} -> 06359714299 | DY7: {=TEXT( MIG_NORMA.NÚMERICO( K7 ), "0000000" )} -> 0063597 | DZ7: =IF(TRIM(A7)="","",TEXT(TRIM(A7),"DD/MM/AAAA")) -> 12/02/2026 | EA7: =IF(TRIM(B7)="","",TEXT(TRIM(B7),"DD/MM/AAAA")) | EB7: =IF(TRIM(AG7)="","",TEXT(TRIM(AG7),"DD/MM/AAAA")) -> 12/03/2008 | EC7: =IF(TRIM(N7)="","",TEXT(TRIM(N7),"DD/MM/AAAA")) -> 18/09/2025 | ED7: =IF(TRIM(P7)="","",TEXT(TRIM(P7),"DD/MM/AAAA")) | EE7: =IF(TRIM(Y7)="","",TEXT(TRIM(Y7),"DD/MM/AAAA")) | EF7: =IF(TRIM(T7)="","",TEXT(TRIM(T7),"DD/MM/AAAA")) -> 18/09/2025 | EG7: =IF(TRIM(BC7)="","",TEXT(TRIM(BC7),"DD/MM/AAAA")) -> 12/02/2026 | EH7: =IF(TRIM(BD7)="","",TEXT(TRIM(BD7),"DD/MM/AAAA")) | EI7: =IF(TRIM(BE7)="","",TEXT(TRIM(BE7),"DD/MM/AAAA")) | EJ7: =IF(TRIM(BX7)="","",TEXT(TRIM(BX7),"DD/MM/AAAA")) -> 12/02/2027 | EK7: =IF(TRIM(BY7)="","",TEXT(TRIM(BY7),"DD/MM/AAAA")) | EL7: =IF(TRIM(BK7)="","",TEXT(TRIM(BK7),"DD/MM/AAAA")) | EM7: =IF(TRIM(BP7)="","",TEXT(TRIM(BP7),"DD/MM/AAAA")) -> 12/02/2026 | EN7: =IF(EA7="",DZ7,EA7) -> 12/02/2026 | EO7: =IF(TRIM(BM7)="","",TEXT(TRIM(BM7),"DD/MM/AAAA")) -> 19/01/2028 | EP7: =MID(TRIM(AA7),1,20) | EQ7: =SUBSTITUTE(SUBSTITUTE(SUBSTITUTE(SUBSTITUTE(SUBSTITUTE(SUBSTITUTE(SUBSTITUTE($EQ$2,"@NRORG@",$CM$2),$CP$1,CP7),$H$1,H7),$EB$1,EB7),$J$1,J7),$CP$1,CP7),$DX$1,DX7) -> INSERT INTO PARCNEGOCIO ( NRPARCNEGOCIO, NRORG, NMPRINCIPALPARC, NMSECUNDARIPARC, DTNASCIFUNDPARC, NRINSCRICAOPARC, IDATIVO, DTINCLUSAO, NRORGINCLUSAO, CDOPERINCLUSAO, CDTIPOPARCPRINCIPAL, CDTIPOINSCRICAO, IDPESSOAFISICA, IDINSTITUICAO, IDPARCFUNDIDO ) VALUES ( 208, 5862, 'SABRINA PANTOJA ESTUMANO', 'SABRINA PANTOJA ESTUMANO', '12/03/2008', '06359714299', 'S', SYSDATE, 5862, '000000099991', 'PESSOA', 'CPF', 'S', 'N', 'N' ); | ER7: =SUBSTITUTE(SUBSTITUTE(SUBSTITUTE($ER$2,"@NRORG@",$CM$2),$CQ$1,CQ7),$CP$1,CP7) -> INSERT INTO GPE_PESSOA ( NRPESSOA, NRORG, NRPARCNEGOCIO, DTINCLUSAO, NRORGINCLUSAO, CDOPERINCLUSAO ) VALUES ( 5, 5862, 208, SYSDATE, 5862, '000000099991' ); | ES7: =SUBSTITUTE( SUBSTITUTE( SUBSTITUTE( SUBSTITUTE( SUBSTITUTE( SUBSTITUTE( SUBSTITUTE( SUBSTITUTE( SUBSTITUTE( SUBSTITUTE( SUBSTITUTE( SUBSTITUTE( SUBSTITUTE( SUBSTITUTE( SUBSTITUTE( SUBSTITUTE( SUBSTITUTE( SUBSTITUTE( SUBSTITUTE( SUBSTITUTE( SUBSTITUTE( SUBSTITUTE( SUBSTITUTE( SUBSTITUTE( SUBSTITUTE( SUBSTITUTE( SUBSTITUTE( SUBSTITUTE( SUBSTITUTE( SUBSTITUTE( SUBSTITUTE( SUBSTITUTE( SUBSTITUTE( $ES$2, "@NRORG@", $CM$2 ), "@NRPESSOAH@", $CR7 ), "@NRPESSOA@", $CQ7 ), "@NOMEVINC@", $H7 ), "@CDESTACIVIL@", $I7 ), "@CPF@", $DX7 ), "@CTPS@", $DY7 ), "@SERIECTPS@", $L7 ), "@UFCTPS@", $M7 ), "@DTCTPS@", $EC7 ), "@PIS@", $O7 ), "@DTPIS@", $ED7 ), "@TITUELEI@", $U7 ), "@SECAOELEI@", $V7 ), "@ZONAELEI@", $W7 ), "@CNH@", $X7 ), "@DTVALCNH@", $EE7 ), "@CATCNH@", $Z7 ), "@NRCATMILITARPE@", $DQ7 ), "@NRCERTRESE@", $EP7 ), "@NRRACA@", $AC7 ), "@CDPAIS@", $AD7 ), "@SGESTADO@", $AE7 ), "@NMMUNICIPIO@", $DG7 ), "@DTNASCI@", $EB7 ), "@IDSEXO@", $AH7 ), "@NRRG@", $DR7 ), "@CDEXRG@", SUBSTITUTE($R7,"'","") ), "@UFRG@", $S7 ), "@DTEXRG@", $EF7 ), "@NRNACIONALID@", $DH7 ), "@NRGRAUINSTR@", $BT7 ),"@NRCONDFISPES@", $CC7 ) -> INSERT INTO GPE_PESSOAH ( NRPESSOAH, NRPESSOA, NRORG, DTMESCOMPETENC, NMPESSOA, CDESTACIVIL, NRCPFPESSOA, NRCTPSPESSOA, NRSERIECTPSPES, SGUFCTPSPES, DTCTPSPESSOA, NRPISPASEPPES, DTINSCPISPASEP, NRTITUELEIPES, NRSECAELEIPES, NRZONAELEIPES, NRCARTHABPES, DTVALHABCARTPES, DSCATEGHABCART, NRCATMILITARPE, NRCERTRESEPES, DTINCLUSAO, NRORGINCLUSAO, CDOPERINCLUSAO, NRRACAPESSOA, CDPAIS, SGESTADO, CDMUNICIPIO, DTNASCPESSOA, IDSEXOPESSOA, NRRGPESSOA, CDEXRGPESSOA, SGUFRGPESSOA, DTEXRGPESSOA, NRNACIONALID, NRGRAUINSTR, NRCONDFISPES ) VALUES ( 5, 5, 5862, '01/01/2000', 'SABRINA PANTOJA ESTUMANO', 'S', '06359714299', '0063597', '14299', 'PA', '18/09/2025', '16682656263', '', '088286931325', '304', '107', '', '', '', (SELECT NRCATMILITARPE FROM GPE_CATMILITARPE WHERE NRCATMILITARPE = ''), '', SYSDATE, 5862, '000000099991', '5', '1058', 'PA', (SELECT MAX(CDMUNICIPIO) FROM MUNICIPIO WHERE NMMUNICIPIO = 'MOCAJUBA'), '12/03/2008', 'F', '8752750', 'PC', 'PA', '18/09/2025', '1', '7' , '1'); | ET7: =SUBSTITUTE(SUBSTITUTE(SUBSTITUTE(SUBSTITUTE(SUBSTITUTE(SUBSTITUTE(SUBSTITUTE(SUBSTITUTE(SUBSTITUTE(SUBSTITUTE(SUBSTITUTE(SUBSTITUTE(SUBSTITUTE(SUBSTITUTE(SUBSTITUTE(SUBSTITUTE(SUBSTITUTE(SUBSTITUTE(SUBSTITUTE(SUBSTITUTE(SUBSTITUTE($ET$2,"@NRORG@",$CM$2),$CS$1,CS7),$CQ$1,CQ7),$C$1,C7),$DZ$1,DZ7),$EA$1,EA7),$BA$1,BA7),$BN$1,BN7),$BO$1,BO7),$BB$1,BB7),$EG$1,EG7),$EH$1,EH7),$EI$1,EI7),$H$1,H7),$BI$1,BI7),$BJ$1,BJ7),$EL$1,EL7),$BV$1,BV7),$BW$1,BW7),$EJ$1,EJ7),$EK$1,EK7) -> INSERT INTO GPE_VINCULOM (NRVINCULOM, NRPESSOA, NRORG, CDMATRICULA, DTADMISSAOVINC, DTRESCISAOVINC, DTINCLUSAO, NRORGINCLUSAO, CDOPERINCLUSAO, NRTIPOVINCULOM, NRVINCULOEMPREG, NRTPADMISSAO, NRTPDEMISSAO, DTOPCAOFGTS, DTAPOSENTAFGTS, DTPRIMADMISSAO, NMVINCULOM, NRMOTIVORESC, DSOBSRESCISAO, DTAVISOPREVIO, NRDIASCONTRATOEXP, NRDIASCONTRATOEXPPRO, DTEXAMEMEDICO, DTAVISOTRCT) VALUES (5, 5, 5862, '790000-0-01642', '12/02/2026', '', SYSDATE, 5862, '000000099991', '1', '1', '1', '', '12/02/2026', '', '', 'SABRINA PANTOJA ESTUMANO', '', '', '', '0', '0', '12/02/2027', ''); | EU7: =SUBSTITUTE( SUBSTITUTE( SUBSTITUTE( SUBSTITUTE( SUBSTITUTE( SUBSTITUTE( SUBSTITUTE( SUBSTITUTE( SUBSTITUTE( SUBSTITUTE( SUBSTITUTE( SUBSTITUTE( SUBSTITUTE( SUBSTITUTE( SUBSTITUTE( SUBSTITUTE( SUBSTITUTE( SUBSTITUTE( SUBSTITUTE( SUBSTITUTE( SUBSTITUTE( $EU$2, "@NRORG@", $CM$2 ), "@NRVINCULOH@", $CT7 ), "@NRVINCULOM@", $CS7 ), "@NRSITUFUNCM@", $D7 ), "@OCUPACAO@", $DN7 ), "@IDCONTRIBUISIND@", $DF7 ), "@NRDEPENDIR@", $DO7 ), "@NRDEPENDSFAM@", $DP7 ), "@DTBASEFERIAS@", $EM7 ), "@IDREMUNERACAO@", $AI7 ), "@IDTPPAGAMENTO@", $AO7 ), "@ESTRUTLEGAL@", $AP7 ), "@ESTRUTGEREN@", $AQ7 ), "@ESTRUTSIND@", $BU7 ), "@NRTPMODALIDSAL@", $BS7 ), "@IDMULTVINC@", $BG7 ), "@CDCONTRIBINDIVIDUAL@", $BH7 ), "@DTFIMCONTRDETERMIN@", $EO7 ), "@NRESCALATRABM@", $E7 ), "@CORINGASIND@", $GF$8 ), "@CORINGAGEREN@", $GF$6 ) -> INSERT INTO GPE_VINCULOH (NRVINCULOH, NRVINCULOM, NRSITUFUNCM, NRCARGO, NRFUNCAO, NRORG, DTMESCOMPETENC, IDCONTRIBUISIND, DTINCLUSAO, NRORGINCLUSAO, CDOPERINCLUSAO, NRDEPENDIR, NRDEPENDSFAM, DTBASEFERIAS, IDREMUNERACAO, IDTPPAGAMENTO, NRESTRUTLEGAL, NRESTRUTGEREN, NRESTRUTSIND, NRTPMODALIDSAL, IDMULTVINC, CDCONTRIBINDIVIDUAL, NRTPMOVTRANSFM, DTFIMCONTRDETERMIN, CONFIDENCIAL, NRESCALATRABM) VALUES (13, 5, '', (SELECT MAX(NROCUPACAOM) FROM GPE_OCUPACAOH WHERE NRORG = 5862 AND CDINTEGRACAO = '0074-7'), (SELECT MAX(NROCUPACAOM) FROM GPE_OCUPACAOH WHERE NRORG = 5862 AND CDINTEGRACAO = '0074-7'), 5862, '01/01/2000', 'NUNCA', SYSDATE, 5862, '000000099991', '0', '0', '12/02/2026', 'SAL1', 'MENSAL', (SELECT MAX(NRESTRUTURAM) FROM ESTRUTURAM WHERE NRORG = 5862 AND CDINTESTRUTURA = 'est_MATSAUDE'), NVL((SELECT MAX(NRESTRUTURAM) FROM ESTRUTURAM WHERE NRORG = 5862 AND CDINTESTRUTURA = 'dep_790000'), 999992), NVL((SELECT MAX(NRESTRUTURAM) FROM ESTRUTURAM WHERE NRORG = 5862 AND CDINTESTRUTURA = 'sin_01'), 999993), '1', 'UNICO', '', 2, '19/01/2028', 'N', (SELECT MAX(NRESCALATRABM) FROM GPE_ESCALATRABH WHERE NRORG = 5862 AND NRESCALATRABM = '000012') ); | EV7: =SUBSTITUTE(SUBSTITUTE(SUBSTITUTE(SUBSTITUTE(SUBSTITUTE($EV$2,"@NRORG@",$CM$2),$CT$1,CT7),$CU$1,CU7),$CV$1,CV7),$CN$1,$CN$2) -> INSERT INTO GPE_VINCULOH (NRVINCULOH, NRVINCULOM, NRSITUFUNCM, NRCARGO, NRFUNCAO, NRORG, DTMESCOMPETENC, IDCONTRIBUISIND, DTINCLUSAO, NRORGINCLUSAO, CDOPERINCLUSAO, NRDEPENDIR, NRDEPENDSFAM, DTBASEFERIAS, IDREMUNERACAO, IDTPPAGAMENTO, NRESTRUTLEGAL, NRESTRUTGEREN, NRESTRUTSIND, NRTPMODALIDSAL, IDMULTVINC, CDCONTRIBINDIVIDUAL, NRTPMOVTRANSFM, DTFIMCONTRDETERMIN, CONFIDENCIAL, NRESCALATRABM) SELECT 14 NRVINCULOH, NRVINCULOM, NRSITUFUNCM, NRCARGO, NRFUNCAO, NRORG, '01/01/2024' DTMESCOMPETENC, IDCONTRIBUISIND, SYSDATE DTINCLUSAO, NRORGINCLUSAO, CDOPERINCLUSAO, NRDEPENDIR, NRDEPENDSFAM, DTBASEFERIAS, IDREMUNERACAO, IDTPPAGAMENTO, NRESTRUTLEGAL, NRESTRUTGEREN, NRESTRUTSIND, NRTPMODALIDSAL, IDMULTVINC, CDCONTRIBINDIVIDUAL, NRTPMOVTRANSFM, DTFIMCONTRDETERMIN, CONFIDENCIAL, NRESCALATRABM FROM GPE_VINCULOH WHERE NRORG = 5862 AND NRVINCULOH = 13; | EW7: =SUBSTITUTE(SUBSTITUTE(SUBSTITUTE(SUBSTITUTE(SUBSTITUTE($EW$2,"@NRORG@",$CM$2),$CT$1,CT7),$CV$1,CV7),$CV$1,CV7),$CO$1,$CO$2) -> INSERT INTO GPE_VINCULOH (NRVINCULOH, NRVINCULOM, NRSITUFUNCM, NRCARGO, NRFUNCAO, NRORG, DTMESCOMPETENC, IDCONTRIBUISIND, DTINCLUSAO, NRORGINCLUSAO, CDOPERINCLUSAO, NRDEPENDIR, NRDEPENDSFAM, DTBASEFERIAS, IDREMUNERACAO, IDTPPAGAMENTO, NRESTRUTLEGAL, NRESTRUTGEREN, NRESTRUTSIND, NRTPMODALIDSAL, IDMULTVINC, CDCONTRIBINDIVIDUAL, NRTPMOVTRANSFM, DTFIMCONTRDETERMIN, CONFIDENCIAL, NRESCALATRABM) SELECT 15 NRVINCULOH, NRVINCULOM, NRSITUFUNCM, NRCARGO, NRFUNCAO, NRORG, '01/01/2025' DTMESCOMPETENC, IDCONTRIBUISIND, SYSDATE DTINCLUSAO, NRORGINCLUSAO, CDOPERINCLUSAO, NRDEPENDIR, NRDEPENDSFAM, DTBASEFERIAS, IDREMUNERACAO, IDTPPAGAMENTO, NRESTRUTLEGAL, NRESTRUTGEREN, NRESTRUTSIND, NRTPMODALIDSAL, IDMULTVINC, CDCONTRIBINDIVIDUAL, NRTPMOVTRANSFM, DTFIMCONTRDETERMIN, CONFIDENCIAL, NRESCALATRABM FROM GPE_VINCULOH WHERE NRORG = 5862 AND NRVINCULOH = 13; | EX7: =SUBSTITUTE(SUBSTITUTE(SUBSTITUTE(SUBSTITUTE(SUBSTITUTE(SUBSTITUTE($EX$2,"@NRORG@",$CM$2),$CW$1,CW7),$D$1,D7),$CS$1,CS7),$EN$1,EN7),$EA$1,EA7) -> INSERT INTO GPE_ALTESITUFUNC ( NRALTESITUFUNC, NRORG, NRSITUFUNCM, NRVINCULOM, DTINISITUFUNC, DTINCLUSAO, NRORGINCLUSAO, CDOPERINCLUSAO ) VALUES ( 5, 5862, (CASE WHEN '' IS NOT NULL THEN '' WHEN '' IS NULL THEN '1' ELSE '13' END), 5, '12/02/2026', SYSDATE, 5862, '000000099991' ); | EY7: =IF(COUNTA(AJ7:AL7)<>3,"",SUBSTITUTE(SUBSTITUTE(SUBSTITUTE(SUBSTITUTE(SUBSTITUTE(SUBSTITUTE(SUBSTITUTE($EY$2,"@NRORG@",$CM$2),$CX$1,CX7),$CP$1,CP7),$DS$1,DS7),$DT$1,DT7),$DU$1,DU7),$AM$1,AM7)) -> INSERT INTO CONTCORRPARC ( NRCONTCORRPARC, NRORG, NRPARCNEGOCIO, CDBANCO, CDAGENCIA, CDCONTCORR, NRTPCONTCORR, DTINCLUSAO, NRORGINCLUSAO, CDOPERINCLUSAO, IDATIVO ) VALUES ( 5, 5862, 208, '237', '57371', '227390', '2', SYSDATE, 5862, '000000099991', 'S' ); | EZ7: =IF(CD7="","",SUBSTITUTE(SUBSTITUTE(SUBSTITUTE(SUBSTITUTE(SUBSTITUTE($EZ$2,"@NRORG@",$CM$2),$CY$1,CY7),$CP$1,CP7),$CD$1,CD7),$CI$1,TRIM(CI7))) | FA7: =IF($CK7="","",SUBSTITUTE(SUBSTITUTE(SUBSTITUTE(SUBSTITUTE(SUBSTITUTE($FA$2,"@NRORG@",$CM$2),$CZ$1,$CZ7),$CP$1,$CP7),$CK$1,SUBSTITUTE(TRIM($CK7),"'","")),$CJ$1,TRIM(SUBSTITUTE($CJ7,"'","")))) -> INSERT INTO COMUNICAPARC ( NRCOMUNICAPARC, NRPARCNEGOCIO, CDFORMACOMU, CDPREFIXCOMUPARC, CDCOMUNICAPARC, NRORG, IDATIVO, DTINCLUSAO, NRORGINCLUSAO, CDOPERINCLUSAO ) VALUES ( 7, 208, '02', '91', '981418317', 5862, 'S', SYSDATE, 5862, '000000099991' ); | FB7: =IF(TRIM($CE7)="","",SUBSTITUTE(SUBSTITUTE(SUBSTITUTE(SUBSTITUTE($FB$2,"@NRORG@",$CM$2),$DA$1,$DA7),$CP$1,$CP7),$CE$1,SUBSTITUTE(TRIM($CE7),"'",""))) -> INSERT INTO COMUNICAPARC ( NRCOMUNICAPARC, NRPARCNEGOCIO, CDFORMACOMU, CDCOMUNICAPARC, NRORG, IDATIVO, DTINCLUSAO, NRORGINCLUSAO, CDOPERINCLUSAO ) VALUES ( 34, 208, '05', 'sabrinaestumano738@gmail.com', 5862, 'S', SYSDATE, 5862, '000000099991' ); | FC7: =IF(AV7="","",SUBSTITUTE(SUBSTITUTE(SUBSTITUTE(SUBSTITUTE(SUBSTITUTE(SUBSTITUTE(SUBSTITUTE(SUBSTITUTE(SUBSTITUTE(SUBSTITUTE(SUBSTITUTE(SUBSTITUTE($FC$2,"@NRORG@",$CM$2),$DB$1,DB7),$CP$1,CP7),$DV$1,DV7),$DW$1,DW7),$DI$1,DI7),$DK$1,DK7),$DL$1,DL7),$DM$1,DM7),$DJ$1,DJ7),$AW$1,SUBSTITUTE(TRIM(AW7),"'","")),$AS$1,AS7)) -> INSERT INTO ENDERECOPARC ( NRENDERECOPARC, NRPARCNEGOCIO, CDTIPOENDERECO, NRORG, IDATIVO, DTINCLUSAO, NRORGINCLUSAO, CDOPERINCLUSAO, CDPAIS, CDMUNICIPIO, CDLOGRADOURO, NMBAIRROENDERECO, DSCOMPLEENDERECO, NRCEPENDERECO, DSENDERECO, NRIMOVELENDERECO, SGESTADO ) VALUES ( 15, 208, 'PRINCIPAL', 5862, 'S', SYSDATE, 5862, '000000099991', '0055', ( SELECT MAX(CDMUNICIPIO) FROM MUNICIPIO WHERE NMMUNICIPIO = 'ANANINDEUA' AND SGESTADO = 'PA' ), 'R', 'ICUI GUAJARA', 'PX. PSS PRINCESA DIANA 02', '67125780', 'DR. OSVALDO CRUZ', '02', 'PA'); | FD7: =IF( DC7 = "", "", SUBSTITUTE( SUBSTITUTE( SUBSTITUTE( SUBSTITUTE( SUBSTITUTE( $FD$2, "@NRORG@", $CM$2 ), "@NRMOVIMENTACAO_LEG@", $DC7 ), "@NRVINCULOM@", $CS7 ), "@ESTRUTLEGAL@", $AP7 ), "@DTADMISSAO@", $DZ7 ) ) -> INSERT INTO GPE_MOVIMENTACAO ( NRMOVIMENTACAO, NRORG, NRVINCULOM, NRTIPOTRANSFER, NRTPMOVTRANSFM, NRESTRUTURAM, DTINIMOVIMENT, DSOBSERVACAO, DTINCLUSAO, NRORGINCLUSAO, CDOPERINCLUSAO, NRTIPOESTRUTURA ) VALUES ( 5, 5862, 5, 1, 1, (SELECT MAX(NRESTRUTURAM) FROM ESTRUTURAM WHERE NRORG = 5862 AND CDINTESTRUTURA = 'est_MATSAUDE' AND NRTIPOESTRUTURA = (SELECT NRTPESTRUTLEGAL FROM GPE_PARAMORG WHERE NRORG = 5862)), '12/02/2026', 'Movimentacao gerada via migracao ' || SYSDATE, SYSDATE, 5862, '000000099991', ( SELECT NRTPESTRUTLEGAL FROM GPE_PARAMORG WHERE NRORG = 5862 ) ); | FE7: =IF( DD7 = "", "", SUBSTITUTE( SUBSTITUTE( SUBSTITUTE( SUBSTITUTE( SUBSTITUTE( $FE$2, "@NRORG@", $CM$2 ), "@NRMOVIMENTACAO_GER@", $DD7 ), "@NRVINCULOM@", $CS7 ), "@ESTRUTGEREN@", $AQ7 ), "@DTADMISSAO@", $DZ7 ) ) -> INSERT INTO GPE_MOVIMENTACAO ( NRMOVIMENTACAO, NRORG, NRVINCULOM, NRTIPOTRANSFER, NRTPMOVTRANSFM, NRESTRUTURAM, DTINIMOVIMENT, DSOBSERVACAO, DTINCLUSAO, NRORGINCLUSAO, CDOPERINCLUSAO, NRTIPOESTRUTURA ) VALUES ( 32, 5862, 5, 2, 1, (SELECT MAX(NRESTRUTURAM) FROM ESTRUTURAM WHERE NRORG = 5862 AND CDINTESTRUTURA = 'dep_790000' AND NRTIPOESTRUTURA = (SELECT NRTPESTRUTGEREN FROM GPE_PARAMORG WHERE NRORG = 5862)), '12/02/2026', 'Movimentacao gerada via migracao ' || SYSDATE, SYSDATE, 5862, '000000099991', ( SELECT NRTPESTRUTGEREN FROM GPE_PARAMORG WHERE NRORG = 5862 ) ); | FF7: =IF( DE7 = "", "", SUBSTITUTE( SUBSTITUTE( SUBSTITUTE( SUBSTITUTE( SUBSTITUTE( $FF$2, "@NRORG@", $CM$2 ), "@NRMOVIMENTACAO_SIN@", $DE7 ), "@NRVINCULOM@", $CS7 ), "@ESTRUTSIND@", $BU7 ), "@DTADMISSAO@", $DZ7 ) ) -> INSERT INTO GPE_MOVIMENTACAO ( NRMOVIMENTACAO, NRORG, NRVINCULOM, NRTIPOTRANSFER, NRTPMOVTRANSFM, NRESTRUTURAM, DTINIMOVIMENT, DSOBSERVACAO, DTINCLUSAO, NRORGINCLUSAO, CDOPERINCLUSAO, NRTIPOESTRUTURA ) VALUES ( 57, 5862, 5, 1, 1, (SELECT MAX(NRESTRUTURAM) FROM ESTRUTURAM WHERE NRORG = 5862 AND CDINTESTRUTURA = 'sin_01' AND NRTIPOESTRUTURA = 10), '12/02/2026', 'Movimentacao gerada via migracao ' || SYSDATE, SYSDATE, 5862, '000000099991', 10 ); | FG7: =$FG$2 -> COMMIT; | FI7: não | FL7: existe | FP7: não | FT7: existe | FX7: existe | GB7: existe | GD7: - Vínculo (matrícula): 100000-2-E1079, estrutura legal | GF7: Sindical | GG7: ="INSERT INTO ESTRUTURAM ( NRESTRUTURAM, NRORG, NRTIPOESTRUTURA, DTINIVIGENCIA, CDINTESTRUTURA, DTINCLUSAO, NRORGINCLUSAO, CDOPERINCLUSAO, IDATIVO ) VALUES (" & GF6 & ", " & $CM$2 & ", 5, '01/01/2000', 'AA_TMP_GEREN', SYSDATE, 1038, '000000099991', 'S' ); INSERT INTO ESTRUTURAH ( NRESTRUTURAH, NRORG, NRESTRUTURAM, DTMESCOMPETENC, IDOPTSIMPLES, DTINCLUSAO, NRORGINCLUSAO, CDOPERINCLUSAO ) VALUES ( " & GF6 & ", " & $CM$2 & ", " & GF6 & ", '01/01/2000', 'N', SYSDATE, 1038, '000000099991' );" -> INSERT INTO ESTRUTURAM ( NRESTRUTURAM, NRORG, NRTIPOESTRUTURA, DTINIVIGENCIA, CDINTESTRUTURA, DTINCLUSAO, NRORGINCLUSAO, CDOPERINCLUSAO, IDATIVO ) VALUES (999992, 5862, 5, '01/01/2000', 'AA_TMP_GEREN', SYSDATE, 1038, '000000099991', 'S' ); INSERT INTO ESTRUTURAH ( NRESTRUTURAH, NRORG, NRESTRUTURAM, DTMESCOMPETENC, IDOPTSIMPLES, DTINCLUSAO, NRORGINCLUSAO, CDOPERINCLUSAO ) VALUES ( 999992, 5862, 999992, '01/01/2000', 'N', SYSDATE, 1038, '000000099991' ); | GI7: Fim PK | GJ7: =MAX(OFFSET($A$1,2,MATCH(GJ$3,$1:$1,0)-1,1048574,1)) -> 230 | GK7: =MAX(OFFSET($A$1,2,MATCH(GK$3,$1:$1,0)-1,1048574,1)) -> 27 | GL7: =MAX(OFFSET($A$1,2,MATCH(GL$3,$1:$1,0)-1,1048574,1)) -> 27 | GM7: =MAX(OFFSET($A$1,2,MATCH(GM$3,$1:$1,0)-1,1048574,1)) -> 27 | GN7: =MAX(OFFSET($A$1,2,MATCH(GN$3,$1:$1,0)-1,1048574,1)) -> 27 | GO7: =MAX(OFFSET($A$1,2,MATCH(GO$3,$1:$1,0)-1,1048574,1)) -> 13 | GP7: =MAX(OFFSET($A$1,2,MATCH(GP$3,$1:$1,0)-1,1048574,1)) -> 2 | GQ7: =MAX(OFFSET($A$1,2,MATCH(GQ$3,$1:$1,0)-1,1048574,1)) -> 37 | GR7: =MAX(OFFSET($A$1,2,MATCH(GR$3,$1:$1,0)-1,1048574,3)) -> 81 | GS7: =MAX(OFFSET($A$1,2,MATCH(GS$3,$1:$1,0)-1,1048574,3)) -> 63 | GT7: Fim PK | GU7: =GJ7 -> 230 | GV7: =GK7 -> 27 | GW7: =GL7 -> 27 | GX7: =GM7 -> 27 | GY7: =GN7 -> 27 | GZ7: =GO7 -> 13 | HA7: =GP7 -> 2 | HB7: =GQ7 -> 37 | ... HD7: =GS7 -> 63
A8: 09/02/2026 | C8: 520000-0-01640 | E8: 000003 | F8: 01/01/2000 | G8: NUNCA | H8: RENAN RIBEIRO FERRO | I8: S | J8: 02019052210 | K8: 0201905 | L8: 2210 | M8: PA | N8: 27/12/2024 | O8: 26999637081 | Q8: 6946092 | R8: PC | S8: PA | T8: 26/06/2020 | U8: 085272081368 | V8: 387 | W8: 76 | AC8: 5 | AD8: 1058 | AE8: PA | AF8: Belem | AG8: 12/04/2006 | AH8: M | AI8: SAL1 | AJ8: 237 | AK8: 04871 | AL8: 346543 | AM8: 2 | AN8: 1 | AO8: MENSAL | AP8: est_MATSAUDE | AQ8: dep_520000 | AR8: 0055 | AS8: PA | AT8: Belem | AU8: AL | AV8: APOLINARIO MOREIRA | AW8: 44 | AX8: MARCO | AZ8: 66093620 | BA8: 1 | BC8: 09/02/2026 | BF8: 0120-1 | BG8: UNICO | BM8: 25/03/2026 | BN8: 1 | BO8: 1 | BP8: 09/02/2026 | BQ8: 0 | BR8: 0 | BS8: 1 | BT8: 9 | BU8: sin_01 | BV8: 45 | BW8: 45 | BX8: 26/01/2027 | BZ8: -1 | CC8: 1 | CE8: rickferro505@gmail.com | CF8: 1621 | CG8: RICARDO SIQUEIRA FERRO | CH8: HELLEN DO SOCORRO DE SOUSA RIBEIRO | CJ8: 91 | CK8: 983739937 | CM8: Não excluir esta linha | CP8: =CP7+1 -> 209 | CQ8: =CQ7+1 -> 6 | CR8: =CR7+1 -> 6 | CS8: =CS7+1 -> 6 | CT8: =CT7+3 -> 16 | CU8: =CU7+3 -> 17 | CV8: =CV7+3 -> 18 | CW8: =CW7+1 -> 6 | CX8: =IF( COUNTA( AJ8:AL8 ) <> 3, CX7, CX7 + 1 ) -> 6 | CY8: =IF( TRIM( CD8 ) = "", CY7, CY7 + 1 ) -> 1 | CZ8: =IF( TRIM( CK8 ) = "", CZ7, CZ7 + 1 ) -> 8 | DA8: =IF( TRIM( CE8 ) = "", DA7, DA7 + 1 ) -> 35 | DB8: =DB7+1 -> 16 | DC8: =IF( OR( AP8 = "", FT8 <> "existe" ), "", LARGE( DC$2:DC7, 1 ) + 1 ) -> 6 | DD8: =IF( OR( AQ8 = "", FX8 <> "existe" ), "", LARGE( DD$2:DD7, 1 ) + 1 ) -> 33 | DE8: =IF( OR( BU8 = "", GB8 <> "existe" ), "", LARGE( DE$2:DE7, 1 ) + 1 ) -> 58 | DF8: =TRIM(UPPER(G8)) -> NUNCA | DG8: =UPPER( TRIM(SUBSTITUTE(SUBSTITUTE(AF8,"'",""),"&","")) ) -> BELEM | DH8: =IF(TRIM(AN8) = "", "", TRIM(AN8)*1) -> 1 | DI8: =UPPER( MID( SUBSTITUTE( SUBSTITUTE( SUBSTITUTE(AU8, "Ç", "C"), "Ã", "A"), "Á", "A"), 1, 4) ) -> AL | DJ8: =TRIM(SUBSTITUTE(SUBSTITUTE(AV8,"'",""),"&","")) -> APOLINARIO MOREIRA | DK8: =TRIM(SUBSTITUTE(SUBSTITUTE(AX8,"'",""),"&","")) -> MARCO | DL8: =TRIM(SUBSTITUTE(SUBSTITUTE(AY8,"'",""),"&","")) | DM8: =TRIM(SUBSTITUTE(SUBSTITUTE(AZ8,"'",""),"&","")) -> 66093620 | DN8: =BF8 -> 0120-1 | DO8: =TRIM(BQ8) -> 0 | DP8: =TRIM(BR8) -> 0 | DQ8: =IFERROR( SUBSTITUTE( SUBSTITUTE( SUBSTITUTE( SUBSTITUTE( AB8, ".", "" ), ",", "" ), "-", "" ), " ", "" ) * 1, "" ) | DR8: =TRIM(SUBSTITUTE(SUBSTITUTE(Q8,"'",""),"+","")) -> 6946092 | DS8: =TEXT(AJ8,"000") -> 237 | DT8: =UPPER( MID( SUBSTITUTE( TRIM( AK8 ), "-", "" ), 1, 5 ) ) -> 04871 | DU8: =UPPER( SUBSTITUTE( TRIM( AL8 ), "-", "" ) ) -> 346543 | DV8: =TEXT(AR8,"0000") -> 0055 | DW8: =UPPER( TRIM(SUBSTITUTE(SUBSTITUTE(AT8,"'",""),"&","")) ) -> BELEM | DX8: {=TEXT( MIG_NORMA.NÚMERICO( J8 ), "00000000000" )} -> 02019052210 | DY8: {=TEXT( MIG_NORMA.NÚMERICO( K8 ), "0000000" )} -> 0201905 | DZ8: =IF(TRIM(A8)="","",TEXT(TRIM(A8),"DD/MM/AAAA")) -> 09/02/2026 | EA8: =IF(TRIM(B8)="","",TEXT(TRIM(B8),"DD/MM/AAAA")) | EB8: =IF(TRIM(AG8)="","",TEXT(TRIM(AG8),"DD/MM/AAAA")) -> 12/04/2006 | EC8: =IF(TRIM(N8)="","",TEXT(TRIM(N8),"DD/MM/AAAA")) -> 27/12/2024 | ED8: =IF(TRIM(P8)="","",TEXT(TRIM(P8),"DD/MM/AAAA")) | EE8: =IF(TRIM(Y8)="","",TEXT(TRIM(Y8),"DD/MM/AAAA")) | EF8: =IF(TRIM(T8)="","",TEXT(TRIM(T8),"DD/MM/AAAA")) -> 26/06/2020 | EG8: =IF(TRIM(BC8)="","",TEXT(TRIM(BC8),"DD/MM/AAAA")) -> 09/02/2026 | EH8: =IF(TRIM(BD8)="","",TEXT(TRIM(BD8),"DD/MM/AAAA")) | EI8: =IF(TRIM(BE8)="","",TEXT(TRIM(BE8),"DD/MM/AAAA")) | EJ8: =IF(TRIM(BX8)="","",TEXT(TRIM(BX8),"DD/MM/AAAA")) -> 26/01/2027 | EK8: =IF(TRIM(BY8)="","",TEXT(TRIM(BY8),"DD/MM/AAAA")) | EL8: =IF(TRIM(BK8)="","",TEXT(TRIM(BK8),"DD/MM/AAAA")) | EM8: =IF(TRIM(BP8)="","",TEXT(TRIM(BP8),"DD/MM/AAAA")) -> 09/02/2026 | EN8: =IF(EA8="",DZ8,EA8) -> 09/02/2026 | EO8: =IF(TRIM(BM8)="","",TEXT(TRIM(BM8),"DD/MM/AAAA")) -> 25/03/2026 | EP8: =MID(TRIM(AA8),1,20) | EQ8: =SUBSTITUTE(SUBSTITUTE(SUBSTITUTE(SUBSTITUTE(SUBSTITUTE(SUBSTITUTE(SUBSTITUTE($EQ$2,"@NRORG@",$CM$2),$CP$1,CP8),$H$1,H8),$EB$1,EB8),$J$1,J8),$CP$1,CP8),$DX$1,DX8) -> INSERT INTO PARCNEGOCIO ( NRPARCNEGOCIO, NRORG, NMPRINCIPALPARC, NMSECUNDARIPARC, DTNASCIFUNDPARC, NRINSCRICAOPARC, IDATIVO, DTINCLUSAO, NRORGINCLUSAO, CDOPERINCLUSAO, CDTIPOPARCPRINCIPAL, CDTIPOINSCRICAO, IDPESSOAFISICA, IDINSTITUICAO, IDPARCFUNDIDO ) VALUES ( 209, 5862, 'RENAN RIBEIRO FERRO', 'RENAN RIBEIRO FERRO', '12/04/2006', '02019052210', 'S', SYSDATE, 5862, '000000099991', 'PESSOA', 'CPF', 'S', 'N', 'N' ); | ER8: =SUBSTITUTE(SUBSTITUTE(SUBSTITUTE($ER$2,"@NRORG@",$CM$2),$CQ$1,CQ8),$CP$1,CP8) -> INSERT INTO GPE_PESSOA ( NRPESSOA, NRORG, NRPARCNEGOCIO, DTINCLUSAO, NRORGINCLUSAO, CDOPERINCLUSAO ) VALUES ( 6, 5862, 209, SYSDATE, 5862, '000000099991' ); | ES8: =SUBSTITUTE( SUBSTITUTE( SUBSTITUTE( SUBSTITUTE( SUBSTITUTE( SUBSTITUTE( SUBSTITUTE( SUBSTITUTE( SUBSTITUTE( SUBSTITUTE( SUBSTITUTE( SUBSTITUTE( SUBSTITUTE( SUBSTITUTE( SUBSTITUTE( SUBSTITUTE( SUBSTITUTE( SUBSTITUTE( SUBSTITUTE( SUBSTITUTE( SUBSTITUTE( SUBSTITUTE( SUBSTITUTE( SUBSTITUTE( SUBSTITUTE( SUBSTITUTE( SUBSTITUTE( SUBSTITUTE( SUBSTITUTE( SUBSTITUTE( SUBSTITUTE( SUBSTITUTE( SUBSTITUTE( $ES$2, "@NRORG@", $CM$2 ), "@NRPESSOAH@", $CR8 ), "@NRPESSOA@", $CQ8 ), "@NOMEVINC@", $H8 ), "@CDESTACIVIL@", $I8 ), "@CPF@", $DX8 ), "@CTPS@", $DY8 ), "@SERIECTPS@", $L8 ), "@UFCTPS@", $M8 ), "@DTCTPS@", $EC8 ), "@PIS@", $O8 ), "@DTPIS@", $ED8 ), "@TITUELEI@", $U8 ), "@SECAOELEI@", $V8 ), "@ZONAELEI@", $W8 ), "@CNH@", $X8 ), "@DTVALCNH@", $EE8 ), "@CATCNH@", $Z8 ), "@NRCATMILITARPE@", $DQ8 ), "@NRCERTRESE@", $EP8 ), "@NRRACA@", $AC8 ), "@CDPAIS@", $AD8 ), "@SGESTADO@", $AE8 ), "@NMMUNICIPIO@", $DG8 ), "@DTNASCI@", $EB8 ), "@IDSEXO@", $AH8 ), "@NRRG@", $DR8 ), "@CDEXRG@", SUBSTITUTE($R8,"'","") ), "@UFRG@", $S8 ), "@DTEXRG@", $EF8 ), "@NRNACIONALID@", $DH8 ), "@NRGRAUINSTR@", $BT8 ),"@NRCONDFISPES@", $CC8 ) -> INSERT INTO GPE_PESSOAH ( NRPESSOAH, NRPESSOA, NRORG, DTMESCOMPETENC, NMPESSOA, CDESTACIVIL, NRCPFPESSOA, NRCTPSPESSOA, NRSERIECTPSPES, SGUFCTPSPES, DTCTPSPESSOA, NRPISPASEPPES, DTINSCPISPASEP, NRTITUELEIPES, NRSECAELEIPES, NRZONAELEIPES, NRCARTHABPES, DTVALHABCARTPES, DSCATEGHABCART, NRCATMILITARPE, NRCERTRESEPES, DTINCLUSAO, NRORGINCLUSAO, CDOPERINCLUSAO, NRRACAPESSOA, CDPAIS, SGESTADO, CDMUNICIPIO, DTNASCPESSOA, IDSEXOPESSOA, NRRGPESSOA, CDEXRGPESSOA, SGUFRGPESSOA, DTEXRGPESSOA, NRNACIONALID, NRGRAUINSTR, NRCONDFISPES ) VALUES ( 6, 6, 5862, '01/01/2000', 'RENAN RIBEIRO FERRO', 'S', '02019052210', '0201905', '2210', 'PA', '27/12/2024', '26999637081', '', '085272081368', '387', '76', '', '', '', (SELECT NRCATMILITARPE FROM GPE_CATMILITARPE WHERE NRCATMILITARPE = ''), '', SYSDATE, 5862, '000000099991', '5', '1058', 'PA', (SELECT MAX(CDMUNICIPIO) FROM MUNICIPIO WHERE NMMUNICIPIO = 'BELEM'), '12/04/2006', 'M', '6946092', 'PC', 'PA', '26/06/2020', '1', '9' , '1'); | ET8: =SUBSTITUTE(SUBSTITUTE(SUBSTITUTE(SUBSTITUTE(SUBSTITUTE(SUBSTITUTE(SUBSTITUTE(SUBSTITUTE(SUBSTITUTE(SUBSTITUTE(SUBSTITUTE(SUBSTITUTE(SUBSTITUTE(SUBSTITUTE(SUBSTITUTE(SUBSTITUTE(SUBSTITUTE(SUBSTITUTE(SUBSTITUTE(SUBSTITUTE(SUBSTITUTE($ET$2,"@NRORG@",$CM$2),$CS$1,CS8),$CQ$1,CQ8),$C$1,C8),$DZ$1,DZ8),$EA$1,EA8),$BA$1,BA8),$BN$1,BN8),$BO$1,BO8),$BB$1,BB8),$EG$1,EG8),$EH$1,EH8),$EI$1,EI8),$H$1,H8),$BI$1,BI8),$BJ$1,BJ8),$EL$1,EL8),$BV$1,BV8),$BW$1,BW8),$EJ$1,EJ8),$EK$1,EK8) -> INSERT INTO GPE_VINCULOM (NRVINCULOM, NRPESSOA, NRORG, CDMATRICULA, DTADMISSAOVINC, DTRESCISAOVINC, DTINCLUSAO, NRORGINCLUSAO, CDOPERINCLUSAO, NRTIPOVINCULOM, NRVINCULOEMPREG, NRTPADMISSAO, NRTPDEMISSAO, DTOPCAOFGTS, DTAPOSENTAFGTS, DTPRIMADMISSAO, NMVINCULOM, NRMOTIVORESC, DSOBSRESCISAO, DTAVISOPREVIO, NRDIASCONTRATOEXP, NRDIASCONTRATOEXPPRO, DTEXAMEMEDICO, DTAVISOTRCT) VALUES (6, 6, 5862, '520000-0-01640', '09/02/2026', '', SYSDATE, 5862, '000000099991', '1', '1', '1', '', '09/02/2026', '', '', 'RENAN RIBEIRO FERRO', '', '', '', '45', '45', '26/01/2027', ''); | EU8: =SUBSTITUTE( SUBSTITUTE( SUBSTITUTE( SUBSTITUTE( SUBSTITUTE( SUBSTITUTE( SUBSTITUTE( SUBSTITUTE( SUBSTITUTE( SUBSTITUTE( SUBSTITUTE( SUBSTITUTE( SUBSTITUTE( SUBSTITUTE( SUBSTITUTE( SUBSTITUTE( SUBSTITUTE( SUBSTITUTE( SUBSTITUTE( SUBSTITUTE( SUBSTITUTE( $EU$2, "@NRORG@", $CM$2 ), "@NRVINCULOH@", $CT8 ), "@NRVINCULOM@", $CS8 ), "@NRSITUFUNCM@", $D8 ), "@OCUPACAO@", $DN8 ), "@IDCONTRIBUISIND@", $DF8 ), "@NRDEPENDIR@", $DO8 ), "@NRDEPENDSFAM@", $DP8 ), "@DTBASEFERIAS@", $EM8 ), "@IDREMUNERACAO@", $AI8 ), "@IDTPPAGAMENTO@", $AO8 ), "@ESTRUTLEGAL@", $AP8 ), "@ESTRUTGEREN@", $AQ8 ), "@ESTRUTSIND@", $BU8 ), "@NRTPMODALIDSAL@", $BS8 ), "@IDMULTVINC@", $BG8 ), "@CDCONTRIBINDIVIDUAL@", $BH8 ), "@DTFIMCONTRDETERMIN@", $EO8 ), "@NRESCALATRABM@", $E8 ), "@CORINGASIND@", $GF$8 ), "@CORINGAGEREN@", $GF$6 ) -> INSERT INTO GPE_VINCULOH (NRVINCULOH, NRVINCULOM, NRSITUFUNCM, NRCARGO, NRFUNCAO, NRORG, DTMESCOMPETENC, IDCONTRIBUISIND, DTINCLUSAO, NRORGINCLUSAO, CDOPERINCLUSAO, NRDEPENDIR, NRDEPENDSFAM, DTBASEFERIAS, IDREMUNERACAO, IDTPPAGAMENTO, NRESTRUTLEGAL, NRESTRUTGEREN, NRESTRUTSIND, NRTPMODALIDSAL, IDMULTVINC, CDCONTRIBINDIVIDUAL, NRTPMOVTRANSFM, DTFIMCONTRDETERMIN, CONFIDENCIAL, NRESCALATRABM) VALUES (16, 6, '', (SELECT MAX(NROCUPACAOM) FROM GPE_OCUPACAOH WHERE NRORG = 5862 AND CDINTEGRACAO = '0120-1'), (SELECT MAX(NROCUPACAOM) FROM GPE_OCUPACAOH WHERE NRORG = 5862 AND CDINTEGRACAO = '0120-1'), 5862, '01/01/2000', 'NUNCA', SYSDATE, 5862, '000000099991', '0', '0', '09/02/2026', 'SAL1', 'MENSAL', (SELECT MAX(NRESTRUTURAM) FROM ESTRUTURAM WHERE NRORG = 5862 AND CDINTESTRUTURA = 'est_MATSAUDE'), NVL((SELECT MAX(NRESTRUTURAM) FROM ESTRUTURAM WHERE NRORG = 5862 AND CDINTESTRUTURA = 'dep_520000'), 999992), NVL((SELECT MAX(NRESTRUTURAM) FROM ESTRUTURAM WHERE NRORG = 5862 AND CDINTESTRUTURA = 'sin_01'), 999993), '1', 'UNICO', '', 2, '25/03/2026', 'N', (SELECT MAX(NRESCALATRABM) FROM GPE_ESCALATRABH WHERE NRORG = 5862 AND NRESCALATRABM = '000003') ); | EV8: =SUBSTITUTE(SUBSTITUTE(SUBSTITUTE(SUBSTITUTE(SUBSTITUTE($EV$2,"@NRORG@",$CM$2),$CT$1,CT8),$CU$1,CU8),$CV$1,CV8),$CN$1,$CN$2) -> INSERT INTO GPE_VINCULOH (NRVINCULOH, NRVINCULOM, NRSITUFUNCM, NRCARGO, NRFUNCAO, NRORG, DTMESCOMPETENC, IDCONTRIBUISIND, DTINCLUSAO, NRORGINCLUSAO, CDOPERINCLUSAO, NRDEPENDIR, NRDEPENDSFAM, DTBASEFERIAS, IDREMUNERACAO, IDTPPAGAMENTO, NRESTRUTLEGAL, NRESTRUTGEREN, NRESTRUTSIND, NRTPMODALIDSAL, IDMULTVINC, CDCONTRIBINDIVIDUAL, NRTPMOVTRANSFM, DTFIMCONTRDETERMIN, CONFIDENCIAL, NRESCALATRABM) SELECT 17 NRVINCULOH, NRVINCULOM, NRSITUFUNCM, NRCARGO, NRFUNCAO, NRORG, '01/01/2024' DTMESCOMPETENC, IDCONTRIBUISIND, SYSDATE DTINCLUSAO, NRORGINCLUSAO, CDOPERINCLUSAO, NRDEPENDIR, NRDEPENDSFAM, DTBASEFERIAS, IDREMUNERACAO, IDTPPAGAMENTO, NRESTRUTLEGAL, NRESTRUTGEREN, NRESTRUTSIND, NRTPMODALIDSAL, IDMULTVINC, CDCONTRIBINDIVIDUAL, NRTPMOVTRANSFM, DTFIMCONTRDETERMIN, CONFIDENCIAL, NRESCALATRABM FROM GPE_VINCULOH WHERE NRORG = 5862 AND NRVINCULOH = 16; | EW8: =SUBSTITUTE(SUBSTITUTE(SUBSTITUTE(SUBSTITUTE(SUBSTITUTE($EW$2,"@NRORG@",$CM$2),$CT$1,CT8),$CV$1,CV8),$CV$1,CV8),$CO$1,$CO$2) -> INSERT INTO GPE_VINCULOH (NRVINCULOH, NRVINCULOM, NRSITUFUNCM, NRCARGO, NRFUNCAO, NRORG, DTMESCOMPETENC, IDCONTRIBUISIND, DTINCLUSAO, NRORGINCLUSAO, CDOPERINCLUSAO, NRDEPENDIR, NRDEPENDSFAM, DTBASEFERIAS, IDREMUNERACAO, IDTPPAGAMENTO, NRESTRUTLEGAL, NRESTRUTGEREN, NRESTRUTSIND, NRTPMODALIDSAL, IDMULTVINC, CDCONTRIBINDIVIDUAL, NRTPMOVTRANSFM, DTFIMCONTRDETERMIN, CONFIDENCIAL, NRESCALATRABM) SELECT 18 NRVINCULOH, NRVINCULOM, NRSITUFUNCM, NRCARGO, NRFUNCAO, NRORG, '01/01/2025' DTMESCOMPETENC, IDCONTRIBUISIND, SYSDATE DTINCLUSAO, NRORGINCLUSAO, CDOPERINCLUSAO, NRDEPENDIR, NRDEPENDSFAM, DTBASEFERIAS, IDREMUNERACAO, IDTPPAGAMENTO, NRESTRUTLEGAL, NRESTRUTGEREN, NRESTRUTSIND, NRTPMODALIDSAL, IDMULTVINC, CDCONTRIBINDIVIDUAL, NRTPMOVTRANSFM, DTFIMCONTRDETERMIN, CONFIDENCIAL, NRESCALATRABM FROM GPE_VINCULOH WHERE NRORG = 5862 AND NRVINCULOH = 16; | EX8: =SUBSTITUTE(SUBSTITUTE(SUBSTITUTE(SUBSTITUTE(SUBSTITUTE(SUBSTITUTE($EX$2,"@NRORG@",$CM$2),$CW$1,CW8),$D$1,D8),$CS$1,CS8),$EN$1,EN8),$EA$1,EA8) -> INSERT INTO GPE_ALTESITUFUNC ( NRALTESITUFUNC, NRORG, NRSITUFUNCM, NRVINCULOM, DTINISITUFUNC, DTINCLUSAO, NRORGINCLUSAO, CDOPERINCLUSAO ) VALUES ( 6, 5862, (CASE WHEN '' IS NOT NULL THEN '' WHEN '' IS NULL THEN '1' ELSE '13' END), 6, '09/02/2026', SYSDATE, 5862, '000000099991' ); | EY8: =IF(COUNTA(AJ8:AL8)<>3,"",SUBSTITUTE(SUBSTITUTE(SUBSTITUTE(SUBSTITUTE(SUBSTITUTE(SUBSTITUTE(SUBSTITUTE($EY$2,"@NRORG@",$CM$2),$CX$1,CX8),$CP$1,CP8),$DS$1,DS8),$DT$1,DT8),$DU$1,DU8),$AM$1,AM8)) -> INSERT INTO CONTCORRPARC ( NRCONTCORRPARC, NRORG, NRPARCNEGOCIO, CDBANCO, CDAGENCIA, CDCONTCORR, NRTPCONTCORR, DTINCLUSAO, NRORGINCLUSAO, CDOPERINCLUSAO, IDATIVO ) VALUES ( 6, 5862, 209, '237', '04871', '346543', '2', SYSDATE, 5862, '000000099991', 'S' ); | EZ8: =IF(CD8="","",SUBSTITUTE(SUBSTITUTE(SUBSTITUTE(SUBSTITUTE(SUBSTITUTE($EZ$2,"@NRORG@",$CM$2),$CY$1,CY8),$CP$1,CP8),$CD$1,CD8),$CI$1,TRIM(CI8))) | FA8: =IF($CK8="","",SUBSTITUTE(SUBSTITUTE(SUBSTITUTE(SUBSTITUTE(SUBSTITUTE($FA$2,"@NRORG@",$CM$2),$CZ$1,$CZ8),$CP$1,$CP8),$CK$1,SUBSTITUTE(TRIM($CK8),"'","")),$CJ$1,TRIM(SUBSTITUTE($CJ8,"'","")))) -> INSERT INTO COMUNICAPARC ( NRCOMUNICAPARC, NRPARCNEGOCIO, CDFORMACOMU, CDPREFIXCOMUPARC, CDCOMUNICAPARC, NRORG, IDATIVO, DTINCLUSAO, NRORGINCLUSAO, CDOPERINCLUSAO ) VALUES ( 8, 209, '02', '91', '983739937', 5862, 'S', SYSDATE, 5862, '000000099991' ); | FB8: =IF(TRIM($CE8)="","",SUBSTITUTE(SUBSTITUTE(SUBSTITUTE(SUBSTITUTE($FB$2,"@NRORG@",$CM$2),$DA$1,$DA8),$CP$1,$CP8),$CE$1,SUBSTITUTE(TRIM($CE8),"'",""))) -> INSERT INTO COMUNICAPARC ( NRCOMUNICAPARC, NRPARCNEGOCIO, CDFORMACOMU, CDCOMUNICAPARC, NRORG, IDATIVO, DTINCLUSAO, NRORGINCLUSAO, CDOPERINCLUSAO ) VALUES ( 35, 209, '05', 'rickferro505@gmail.com', 5862, 'S', SYSDATE, 5862, '000000099991' ); | FC8: =IF(AV8="","",SUBSTITUTE(SUBSTITUTE(SUBSTITUTE(SUBSTITUTE(SUBSTITUTE(SUBSTITUTE(SUBSTITUTE(SUBSTITUTE(SUBSTITUTE(SUBSTITUTE(SUBSTITUTE(SUBSTITUTE($FC$2,"@NRORG@",$CM$2),$DB$1,DB8),$CP$1,CP8),$DV$1,DV8),$DW$1,DW8),$DI$1,DI8),$DK$1,DK8),$DL$1,DL8),$DM$1,DM8),$DJ$1,DJ8),$AW$1,SUBSTITUTE(TRIM(AW8),"'","")),$AS$1,AS8)) -> INSERT INTO ENDERECOPARC ( NRENDERECOPARC, NRPARCNEGOCIO, CDTIPOENDERECO, NRORG, IDATIVO, DTINCLUSAO, NRORGINCLUSAO, CDOPERINCLUSAO, CDPAIS, CDMUNICIPIO, CDLOGRADOURO, NMBAIRROENDERECO, DSCOMPLEENDERECO, NRCEPENDERECO, DSENDERECO, NRIMOVELENDERECO, SGESTADO ) VALUES ( 16, 209, 'PRINCIPAL', 5862, 'S', SYSDATE, 5862, '000000099991', '0055', ( SELECT MAX(CDMUNICIPIO) FROM MUNICIPIO WHERE NMMUNICIPIO = 'BELEM' AND SGESTADO = 'PA' ), 'AL', 'MARCO', '', '66093620', 'APOLINARIO MOREIRA', '44', 'PA'); | FD8: =IF( DC8 = "", "", SUBSTITUTE( SUBSTITUTE( SUBSTITUTE( SUBSTITUTE( SUBSTITUTE( $FD$2, "@NRORG@", $CM$2 ), "@NRMOVIMENTACAO_LEG@", $DC8 ), "@NRVINCULOM@", $CS8 ), "@ESTRUTLEGAL@", $AP8 ), "@DTADMISSAO@", $DZ8 ) ) -> INSERT INTO GPE_MOVIMENTACAO ( NRMOVIMENTACAO, NRORG, NRVINCULOM, NRTIPOTRANSFER, NRTPMOVTRANSFM, NRESTRUTURAM, DTINIMOVIMENT, DSOBSERVACAO, DTINCLUSAO, NRORGINCLUSAO, CDOPERINCLUSAO, NRTIPOESTRUTURA ) VALUES ( 6, 5862, 6, 1, 1, (SELECT MAX(NRESTRUTURAM) FROM ESTRUTURAM WHERE NRORG = 5862 AND CDINTESTRUTURA = 'est_MATSAUDE' AND NRTIPOESTRUTURA = (SELECT NRTPESTRUTLEGAL FROM GPE_PARAMORG WHERE NRORG = 5862)), '09/02/2026', 'Movimentacao gerada via migracao ' || SYSDATE, SYSDATE, 5862, '000000099991', ( SELECT NRTPESTRUTLEGAL FROM GPE_PARAMORG WHERE NRORG = 5862 ) ); | FE8: =IF( DD8 = "", "", SUBSTITUTE( SUBSTITUTE( SUBSTITUTE( SUBSTITUTE( SUBSTITUTE( $FE$2, "@NRORG@", $CM$2 ), "@NRMOVIMENTACAO_GER@", $DD8 ), "@NRVINCULOM@", $CS8 ), "@ESTRUTGEREN@", $AQ8 ), "@DTADMISSAO@", $DZ8 ) ) -> INSERT INTO GPE_MOVIMENTACAO ( NRMOVIMENTACAO, NRORG, NRVINCULOM, NRTIPOTRANSFER, NRTPMOVTRANSFM, NRESTRUTURAM, DTINIMOVIMENT, DSOBSERVACAO, DTINCLUSAO, NRORGINCLUSAO, CDOPERINCLUSAO, NRTIPOESTRUTURA ) VALUES ( 33, 5862, 6, 2, 1, (SELECT MAX(NRESTRUTURAM) FROM ESTRUTURAM WHERE NRORG = 5862 AND CDINTESTRUTURA = 'dep_520000' AND NRTIPOESTRUTURA = (SELECT NRTPESTRUTGEREN FROM GPE_PARAMORG WHERE NRORG = 5862)), '09/02/2026', 'Movimentacao gerada via migracao ' || SYSDATE, SYSDATE, 5862, '000000099991', ( SELECT NRTPESTRUTGEREN FROM GPE_PARAMORG WHERE NRORG = 5862 ) ); | FF8: =IF( DE8 = "", "", SUBSTITUTE( SUBSTITUTE( SUBSTITUTE( SUBSTITUTE( SUBSTITUTE( $FF$2, "@NRORG@", $CM$2 ), "@NRMOVIMENTACAO_SIN@", $DE8 ), "@NRVINCULOM@", $CS8 ), "@ESTRUTSIND@", $BU8 ), "@DTADMISSAO@", $DZ8 ) ) -> INSERT INTO GPE_MOVIMENTACAO ( NRMOVIMENTACAO, NRORG, NRVINCULOM, NRTIPOTRANSFER, NRTPMOVTRANSFM, NRESTRUTURAM, DTINIMOVIMENT, DSOBSERVACAO, DTINCLUSAO, NRORGINCLUSAO, CDOPERINCLUSAO, NRTIPOESTRUTURA ) VALUES ( 58, 5862, 6, 1, 1, (SELECT MAX(NRESTRUTURAM) FROM ESTRUTURAM WHERE NRORG = 5862 AND CDINTESTRUTURA = 'sin_01' AND NRTIPOESTRUTURA = 10), '09/02/2026', 'Movimentacao gerada via migracao ' || SYSDATE, SYSDATE, 5862, '000000099991', 10 ); | FG8: =$FG$2 -> COMMIT; | FI8: não | FL8: existe | FP8: existe | FT8: existe | FX8: existe | GB8: existe | GD8: - Vínculo (matrícula): 270000-2-E1071, estrutura legal | GF8: 999993 | GG8: ="INSERT INTO ESTRUTURAM ( NRESTRUTURAM, NRORG, NRTIPOESTRUTURA, DTINIVIGENCIA, CDINTESTRUTURA, DTINCLUSAO, NRORGINCLUSAO, CDOPERINCLUSAO, IDATIVO ) VALUES (" & GF8 & ", " & $CM$2 & ", 10, '01/01/2000', 'AA_TMP_SIND', SYSDATE, 1038, '000000099991', 'S' ); INSERT INTO ESTRUTURAH ( NRESTRUTURAH, NRORG, NRESTRUTURAM, DTMESCOMPETENC, IDOPTSIMPLES, DTINCLUSAO, NRORGINCLUSAO, CDOPERINCLUSAO ) VALUES ( " & GF8 & ", " & $CM$2 & ", " & GF8 & ", '01/01/2000', 'N', SYSDATE, 1038, '000000099991' );" -> INSERT INTO ESTRUTURAM ( NRESTRUTURAM, NRORG, NRTIPOESTRUTURA, DTINIVIGENCIA, CDINTESTRUTURA, DTINCLUSAO, NRORGINCLUSAO, CDOPERINCLUSAO, IDATIVO ) VALUES (999993, 5862, 10, '01/01/2000', 'AA_TMP_SIND', SYSDATE, 1038, '000000099991', 'S' ); INSERT INTO ESTRUTURAH ( NRESTRUTURAH, NRORG, NRESTRUTURAM, DTMESCOMPETENC, IDOPTSIMPLES, DTINCLUSAO, NRORGINCLUSAO, CDOPERINCLUSAO ) VALUES ( 999993, 5862, 999993, '01/01/2000', 'N', SYSDATE, 1038, '000000099991' ); | GI8: Quantidade | GJ8: =GJ7-GJ6+1 -> 27 | GK8: =GK7-GK6+1 -> 27 | GL8: =GL7-GL6+1 -> 27 | GM8: =GM7-GM6+1 -> 27 | GN8: =GN7-GN6+1 -> 27 | GO8: =GO7-GO6+1 -> 13 | GP8: =GP7-GP6+1 -> 2 | GQ8: =GQ7-GQ6+1 -> 27 | ... GS8: =GS7-GS6+1 -> 63 | GT8: Quantidade | GU8: =GJ8 -> 27 | GV8: =GK8 -> 27 | GW8: =GL8 -> 27 | GX8: =GM8 -> 27 | GY8: =GN8 -> 27 | GZ8: =GO8 -> 13 | HA8: =GP8 -> 2 | HB8: =GQ8 -> 27 | ... HD8: =GS8 -> 63
A9: 02/02/2026 | B9: 02/06/2026 | C9: 100000-2-E1079 | E9: 000007 | F9: 01/01/2000 | G9: NUNCA | H9: LUZIETY DOS SANTOS CORREA | I9: S | J9: 63563795371 | Q9: 11014270 | R9: SSP | S9: PA | T9: 15/09/2025 | AC9: 5 | AD9: 1058 | AE9: PA | AF9: Belem | AG9: 26/05/2003 | AH9: F | AI9: SAL1 | AM9: 2 | AN9: 1 | AP9: est_MATSAUDE | AQ9: dep_100000 | AR9: 0055 | AS9: PA | AT9: Belem | AU9: R | AV9: K2 | AW9: 42 | AX9: CURIO UTINGA | AY9: FINAL DA RUA | AZ9: 66610325 | BA9: 1 | BF9: 0089-7 | BG9: UNICO | BP9: 02/02/2026 | BQ9: 0 | BR9: 0 | BS9: 1 | BT9: 7 | BX9: 02/02/2027 | CC9: 1 | CE9: luziethsanttos123@gmail.com | CF9: 0 | CG9: JOILENE DOS SANTOS | CH9: LUZIEL CORREA | CJ9: 91 | CK9: 984345293 | CM9: Não excluir esta linha | CP9: =CP8+1 -> 210 | CQ9: =CQ8+1 -> 7 | CR9: =CR8+1 -> 7 | CS9: =CS8+1 -> 7 | CT9: =CT8+3 -> 19 | CU9: =CU8+3 -> 20 | CV9: =CV8+3 -> 21 | CW9: =CW8+1 -> 7 | CX9: =IF( COUNTA( AJ9:AL9 ) <> 3, CX8, CX8 + 1 ) -> 6 | CY9: =IF( TRIM( CD9 ) = "", CY8, CY8 + 1 ) -> 1 | CZ9: =IF( TRIM( CK9 ) = "", CZ8, CZ8 + 1 ) -> 9 | DA9: =IF( TRIM( CE9 ) = "", DA8, DA8 + 1 ) -> 36 | DB9: =DB8+1 -> 17 | DC9: =IF( OR( AP9 = "", FT9 <> "existe" ), "", LARGE( DC$2:DC8, 1 ) + 1 ) -> 7 | DD9: =IF( OR( AQ9 = "", FX9 <> "existe" ), "", LARGE( DD$2:DD8, 1 ) + 1 ) -> 34 | DE9: =IF( OR( BU9 = "", GB9 <> "existe" ), "", LARGE( DE$2:DE8, 1 ) + 1 ) | DF9: =TRIM(UPPER(G9)) -> NUNCA | DG9: =UPPER( TRIM(SUBSTITUTE(SUBSTITUTE(AF9,"'",""),"&","")) ) -> BELEM | DH9: =IF(TRIM(AN9) = "", "", TRIM(AN9)*1) -> 1 | DI9: =UPPER( MID( SUBSTITUTE( SUBSTITUTE( SUBSTITUTE(AU9, "Ç", "C"), "Ã", "A"), "Á", "A"), 1, 4) ) -> R | DJ9: =TRIM(SUBSTITUTE(SUBSTITUTE(AV9,"'",""),"&","")) -> K2 | DK9: =TRIM(SUBSTITUTE(SUBSTITUTE(AX9,"'",""),"&","")) -> CURIO UTINGA | DL9: =TRIM(SUBSTITUTE(SUBSTITUTE(AY9,"'",""),"&","")) -> FINAL DA RUA | DM9: =TRIM(SUBSTITUTE(SUBSTITUTE(AZ9,"'",""),"&","")) -> 66610325 | DN9: =BF9 -> 0089-7 | DO9: =TRIM(BQ9) -> 0 | DP9: =TRIM(BR9) -> 0 | DQ9: =IFERROR( SUBSTITUTE( SUBSTITUTE( SUBSTITUTE( SUBSTITUTE( AB9, ".", "" ), ",", "" ), "-", "" ), " ", "" ) * 1, "" ) | DR9: =TRIM(SUBSTITUTE(SUBSTITUTE(Q9,"'",""),"+","")) -> 11014270 | DS9: =TEXT(AJ9,"000") -> 000 | DT9: =UPPER( MID( SUBSTITUTE( TRIM( AK9 ), "-", "" ), 1, 5 ) ) | DU9: =UPPER( SUBSTITUTE( TRIM( AL9 ), "-", "" ) ) | DV9: =TEXT(AR9,"0000") -> 0055 | DW9: =UPPER( TRIM(SUBSTITUTE(SUBSTITUTE(AT9,"'",""),"&","")) ) -> BELEM | DX9: {=TEXT( MIG_NORMA.NÚMERICO( J9 ), "00000000000" )} -> 63563795371 | DY9: {=TEXT( MIG_NORMA.NÚMERICO( K9 ), "0000000" )} | DZ9: =IF(TRIM(A9)="","",TEXT(TRIM(A9),"DD/MM/AAAA")) -> 02/02/2026 | EA9: =IF(TRIM(B9)="","",TEXT(TRIM(B9),"DD/MM/AAAA")) -> 02/06/2026 | EB9: =IF(TRIM(AG9)="","",TEXT(TRIM(AG9),"DD/MM/AAAA")) -> 26/05/2003 | EC9: =IF(TRIM(N9)="","",TEXT(TRIM(N9),"DD/MM/AAAA")) | ED9: =IF(TRIM(P9)="","",TEXT(TRIM(P9),"DD/MM/AAAA")) | EE9: =IF(TRIM(Y9)="","",TEXT(TRIM(Y9),"DD/MM/AAAA")) | EF9: =IF(TRIM(T9)="","",TEXT(TRIM(T9),"DD/MM/AAAA")) -> 15/09/2025 | EG9: =IF(TRIM(BC9)="","",TEXT(TRIM(BC9),"DD/MM/AAAA")) | EH9: =IF(TRIM(BD9)="","",TEXT(TRIM(BD9),"DD/MM/AAAA")) | EI9: =IF(TRIM(BE9)="","",TEXT(TRIM(BE9),"DD/MM/AAAA")) | EJ9: =IF(TRIM(BX9)="","",TEXT(TRIM(BX9),"DD/MM/AAAA")) -> 02/02/2027 | EK9: =IF(TRIM(BY9)="","",TEXT(TRIM(BY9),"DD/MM/AAAA")) | EL9: =IF(TRIM(BK9)="","",TEXT(TRIM(BK9),"DD/MM/AAAA")) | EM9: =IF(TRIM(BP9)="","",TEXT(TRIM(BP9),"DD/MM/AAAA")) -> 02/02/2026 | EN9: =IF(EA9="",DZ9,EA9) -> 02/06/2026 | EO9: =IF(TRIM(BM9)="","",TEXT(TRIM(BM9),"DD/MM/AAAA")) | EP9: =MID(TRIM(AA9),1,20) | EQ9: =SUBSTITUTE(SUBSTITUTE(SUBSTITUTE(SUBSTITUTE(SUBSTITUTE(SUBSTITUTE(SUBSTITUTE($EQ$2,"@NRORG@",$CM$2),$CP$1,CP9),$H$1,H9),$EB$1,EB9),$J$1,J9),$CP$1,CP9),$DX$1,DX9) -> INSERT INTO PARCNEGOCIO ( NRPARCNEGOCIO, NRORG, NMPRINCIPALPARC, NMSECUNDARIPARC, DTNASCIFUNDPARC, NRINSCRICAOPARC, IDATIVO, DTINCLUSAO, NRORGINCLUSAO, CDOPERINCLUSAO, CDTIPOPARCPRINCIPAL, CDTIPOINSCRICAO, IDPESSOAFISICA, IDINSTITUICAO, IDPARCFUNDIDO ) VALUES ( 210, 5862, 'LUZIETY DOS SANTOS CORREA', 'LUZIETY DOS SANTOS CORREA', '26/05/2003', '63563795371', 'S', SYSDATE, 5862, '000000099991', 'PESSOA', 'CPF', 'S', 'N', 'N' ); | ER9: =SUBSTITUTE(SUBSTITUTE(SUBSTITUTE($ER$2,"@NRORG@",$CM$2),$CQ$1,CQ9),$CP$1,CP9) -> INSERT INTO GPE_PESSOA ( NRPESSOA, NRORG, NRPARCNEGOCIO, DTINCLUSAO, NRORGINCLUSAO, CDOPERINCLUSAO ) VALUES ( 7, 5862, 210, SYSDATE, 5862, '000000099991' ); | ES9: =SUBSTITUTE( SUBSTITUTE( SUBSTITUTE( SUBSTITUTE( SUBSTITUTE( SUBSTITUTE( SUBSTITUTE( SUBSTITUTE( SUBSTITUTE( SUBSTITUTE( SUBSTITUTE( SUBSTITUTE( SUBSTITUTE( SUBSTITUTE( SUBSTITUTE( SUBSTITUTE( SUBSTITUTE( SUBSTITUTE( SUBSTITUTE( SUBSTITUTE( SUBSTITUTE( SUBSTITUTE( SUBSTITUTE( SUBSTITUTE( SUBSTITUTE( SUBSTITUTE( SUBSTITUTE( SUBSTITUTE( SUBSTITUTE( SUBSTITUTE( SUBSTITUTE( SUBSTITUTE( SUBSTITUTE( $ES$2, "@NRORG@", $CM$2 ), "@NRPESSOAH@", $CR9 ), "@NRPESSOA@", $CQ9 ), "@NOMEVINC@", $H9 ), "@CDESTACIVIL@", $I9 ), "@CPF@", $DX9 ), "@CTPS@", $DY9 ), "@SERIECTPS@", $L9 ), "@UFCTPS@", $M9 ), "@DTCTPS@", $EC9 ), "@PIS@", $O9 ), "@DTPIS@", $ED9 ), "@TITUELEI@", $U9 ), "@SECAOELEI@", $V9 ), "@ZONAELEI@", $W9 ), "@CNH@", $X9 ), "@DTVALCNH@", $EE9 ), "@CATCNH@", $Z9 ), "@NRCATMILITARPE@", $DQ9 ), "@NRCERTRESE@", $EP9 ), "@NRRACA@", $AC9 ), "@CDPAIS@", $AD9 ), "@SGESTADO@", $AE9 ), "@NMMUNICIPIO@", $DG9 ), "@DTNASCI@", $EB9 ), "@IDSEXO@", $AH9 ), "@NRRG@", $DR9 ), "@CDEXRG@", SUBSTITUTE($R9,"'","") ), "@UFRG@", $S9 ), "@DTEXRG@", $EF9 ), "@NRNACIONALID@", $DH9 ), "@NRGRAUINSTR@", $BT9 ),"@NRCONDFISPES@", $CC9 ) -> INSERT INTO GPE_PESSOAH ( NRPESSOAH, NRPESSOA, NRORG, DTMESCOMPETENC, NMPESSOA, CDESTACIVIL, NRCPFPESSOA, NRCTPSPESSOA, NRSERIECTPSPES, SGUFCTPSPES, DTCTPSPESSOA, NRPISPASEPPES, DTINSCPISPASEP, NRTITUELEIPES, NRSECAELEIPES, NRZONAELEIPES, NRCARTHABPES, DTVALHABCARTPES, DSCATEGHABCART, NRCATMILITARPE, NRCERTRESEPES, DTINCLUSAO, NRORGINCLUSAO, CDOPERINCLUSAO, NRRACAPESSOA, CDPAIS, SGESTADO, CDMUNICIPIO, DTNASCPESSOA, IDSEXOPESSOA, NRRGPESSOA, CDEXRGPESSOA, SGUFRGPESSOA, DTEXRGPESSOA, NRNACIONALID, NRGRAUINSTR, NRCONDFISPES ) VALUES ( 7, 7, 5862, '01/01/2000', 'LUZIETY DOS SANTOS CORREA', 'S', '63563795371', '', '', '', '', '', '', '', '', '', '', '', '', (SELECT NRCATMILITARPE FROM GPE_CATMILITARPE WHERE NRCATMILITARPE = ''), '', SYSDATE, 5862, '000000099991', '5', '1058', 'PA', (SELECT MAX(CDMUNICIPIO) FROM MUNICIPIO WHERE NMMUNICIPIO = 'BELEM'), '26/05/2003', 'F', '11014270', 'SSP', 'PA', '15/09/2025', '1', '7' , '1'); | ET9: =SUBSTITUTE(SUBSTITUTE(SUBSTITUTE(SUBSTITUTE(SUBSTITUTE(SUBSTITUTE(SUBSTITUTE(SUBSTITUTE(SUBSTITUTE(SUBSTITUTE(SUBSTITUTE(SUBSTITUTE(SUBSTITUTE(SUBSTITUTE(SUBSTITUTE(SUBSTITUTE(SUBSTITUTE(SUBSTITUTE(SUBSTITUTE(SUBSTITUTE(SUBSTITUTE($ET$2,"@NRORG@",$CM$2),$CS$1,CS9),$CQ$1,CQ9),$C$1,C9),$DZ$1,DZ9),$EA$1,EA9),$BA$1,BA9),$BN$1,BN9),$BO$1,BO9),$BB$1,BB9),$EG$1,EG9),$EH$1,EH9),$EI$1,EI9),$H$1,H9),$BI$1,BI9),$BJ$1,BJ9),$EL$1,EL9),$BV$1,BV9),$BW$1,BW9),$EJ$1,EJ9),$EK$1,EK9) -> INSERT INTO GPE_VINCULOM (NRVINCULOM, NRPESSOA, NRORG, CDMATRICULA, DTADMISSAOVINC, DTRESCISAOVINC, DTINCLUSAO, NRORGINCLUSAO, CDOPERINCLUSAO, NRTIPOVINCULOM, NRVINCULOEMPREG, NRTPADMISSAO, NRTPDEMISSAO, DTOPCAOFGTS, DTAPOSENTAFGTS, DTPRIMADMISSAO, NMVINCULOM, NRMOTIVORESC, DSOBSRESCISAO, DTAVISOPREVIO, NRDIASCONTRATOEXP, NRDIASCONTRATOEXPPRO, DTEXAMEMEDICO, DTAVISOTRCT) VALUES (7, 7, 5862, '100000-2-E1079', '02/02/2026', '02/06/2026', SYSDATE, 5862, '000000099991', '1', '', '', '', '', '', '', 'LUZIETY DOS SANTOS CORREA', '', '', '', '', '', '02/02/2027', ''); | EU9: =SUBSTITUTE( SUBSTITUTE( SUBSTITUTE( SUBSTITUTE( SUBSTITUTE( SUBSTITUTE( SUBSTITUTE( SUBSTITUTE( SUBSTITUTE( SUBSTITUTE( SUBSTITUTE( SUBSTITUTE( SUBSTITUTE( SUBSTITUTE( SUBSTITUTE( SUBSTITUTE( SUBSTITUTE( SUBSTITUTE( SUBSTITUTE( SUBSTITUTE( SUBSTITUTE( $EU$2, "@NRORG@", $CM$2 ), "@NRVINCULOH@", $CT9 ), "@NRVINCULOM@", $CS9 ), "@NRSITUFUNCM@", $D9 ), "@OCUPACAO@", $DN9 ), "@IDCONTRIBUISIND@", $DF9 ), "@NRDEPENDIR@", $DO9 ), "@NRDEPENDSFAM@", $DP9 ), "@DTBASEFERIAS@", $EM9 ), "@IDREMUNERACAO@", $AI9 ), "@IDTPPAGAMENTO@", $AO9 ), "@ESTRUTLEGAL@", $AP9 ), "@ESTRUTGEREN@", $AQ9 ), "@ESTRUTSIND@", $BU9 ), "@NRTPMODALIDSAL@", $BS9 ), "@IDMULTVINC@", $BG9 ), "@CDCONTRIBINDIVIDUAL@", $BH9 ), "@DTFIMCONTRDETERMIN@", $EO9 ), "@NRESCALATRABM@", $E9 ), "@CORINGASIND@", $GF$8 ), "@CORINGAGEREN@", $GF$6 ) -> INSERT INTO GPE_VINCULOH (NRVINCULOH, NRVINCULOM, NRSITUFUNCM, NRCARGO, NRFUNCAO, NRORG, DTMESCOMPETENC, IDCONTRIBUISIND, DTINCLUSAO, NRORGINCLUSAO, CDOPERINCLUSAO, NRDEPENDIR, NRDEPENDSFAM, DTBASEFERIAS, IDREMUNERACAO, IDTPPAGAMENTO, NRESTRUTLEGAL, NRESTRUTGEREN, NRESTRUTSIND, NRTPMODALIDSAL, IDMULTVINC, CDCONTRIBINDIVIDUAL, NRTPMOVTRANSFM, DTFIMCONTRDETERMIN, CONFIDENCIAL, NRESCALATRABM) VALUES (19, 7, '', (SELECT MAX(NROCUPACAOM) FROM GPE_OCUPACAOH WHERE NRORG = 5862 AND CDINTEGRACAO = '0089-7'), (SELECT MAX(NROCUPACAOM) FROM GPE_OCUPACAOH WHERE NRORG = 5862 AND CDINTEGRACAO = '0089-7'), 5862, '01/01/2000', 'NUNCA', SYSDATE, 5862, '000000099991', '0', '0', '02/02/2026', 'SAL1', '', (SELECT MAX(NRESTRUTURAM) FROM ESTRUTURAM WHERE NRORG = 5862 AND CDINTESTRUTURA = 'est_MATSAUDE'), NVL((SELECT MAX(NRESTRUTURAM) FROM ESTRUTURAM WHERE NRORG = 5862 AND CDINTESTRUTURA = 'dep_100000'), 999992), NVL((SELECT MAX(NRESTRUTURAM) FROM ESTRUTURAM WHERE NRORG = 5862 AND CDINTESTRUTURA = ''), 999993), '1', 'UNICO', '', 2, '', 'N', (SELECT MAX(NRESCALATRABM) FROM GPE_ESCALATRABH WHERE NRORG = 5862 AND NRESCALATRABM = '000007') ); | EV9: =SUBSTITUTE(SUBSTITUTE(SUBSTITUTE(SUBSTITUTE(SUBSTITUTE($EV$2,"@NRORG@",$CM$2),$CT$1,CT9),$CU$1,CU9),$CV$1,CV9),$CN$1,$CN$2) -> INSERT INTO GPE_VINCULOH (NRVINCULOH, NRVINCULOM, NRSITUFUNCM, NRCARGO, NRFUNCAO, NRORG, DTMESCOMPETENC, IDCONTRIBUISIND, DTINCLUSAO, NRORGINCLUSAO, CDOPERINCLUSAO, NRDEPENDIR, NRDEPENDSFAM, DTBASEFERIAS, IDREMUNERACAO, IDTPPAGAMENTO, NRESTRUTLEGAL, NRESTRUTGEREN, NRESTRUTSIND, NRTPMODALIDSAL, IDMULTVINC, CDCONTRIBINDIVIDUAL, NRTPMOVTRANSFM, DTFIMCONTRDETERMIN, CONFIDENCIAL, NRESCALATRABM) SELECT 20 NRVINCULOH, NRVINCULOM, NRSITUFUNCM, NRCARGO, NRFUNCAO, NRORG, '01/01/2024' DTMESCOMPETENC, IDCONTRIBUISIND, SYSDATE DTINCLUSAO, NRORGINCLUSAO, CDOPERINCLUSAO, NRDEPENDIR, NRDEPENDSFAM, DTBASEFERIAS, IDREMUNERACAO, IDTPPAGAMENTO, NRESTRUTLEGAL, NRESTRUTGEREN, NRESTRUTSIND, NRTPMODALIDSAL, IDMULTVINC, CDCONTRIBINDIVIDUAL, NRTPMOVTRANSFM, DTFIMCONTRDETERMIN, CONFIDENCIAL, NRESCALATRABM FROM GPE_VINCULOH WHERE NRORG = 5862 AND NRVINCULOH = 19; | EW9: =SUBSTITUTE(SUBSTITUTE(SUBSTITUTE(SUBSTITUTE(SUBSTITUTE($EW$2,"@NRORG@",$CM$2),$CT$1,CT9),$CV$1,CV9),$CV$1,CV9),$CO$1,$CO$2) -> INSERT INTO GPE_VINCULOH (NRVINCULOH, NRVINCULOM, NRSITUFUNCM, NRCARGO, NRFUNCAO, NRORG, DTMESCOMPETENC, IDCONTRIBUISIND, DTINCLUSAO, NRORGINCLUSAO, CDOPERINCLUSAO, NRDEPENDIR, NRDEPENDSFAM, DTBASEFERIAS, IDREMUNERACAO, IDTPPAGAMENTO, NRESTRUTLEGAL, NRESTRUTGEREN, NRESTRUTSIND, NRTPMODALIDSAL, IDMULTVINC, CDCONTRIBINDIVIDUAL, NRTPMOVTRANSFM, DTFIMCONTRDETERMIN, CONFIDENCIAL, NRESCALATRABM) SELECT 21 NRVINCULOH, NRVINCULOM, NRSITUFUNCM, NRCARGO, NRFUNCAO, NRORG, '01/01/2025' DTMESCOMPETENC, IDCONTRIBUISIND, SYSDATE DTINCLUSAO, NRORGINCLUSAO, CDOPERINCLUSAO, NRDEPENDIR, NRDEPENDSFAM, DTBASEFERIAS, IDREMUNERACAO, IDTPPAGAMENTO, NRESTRUTLEGAL, NRESTRUTGEREN, NRESTRUTSIND, NRTPMODALIDSAL, IDMULTVINC, CDCONTRIBINDIVIDUAL, NRTPMOVTRANSFM, DTFIMCONTRDETERMIN, CONFIDENCIAL, NRESCALATRABM FROM GPE_VINCULOH WHERE NRORG = 5862 AND NRVINCULOH = 19; | EX9: =SUBSTITUTE(SUBSTITUTE(SUBSTITUTE(SUBSTITUTE(SUBSTITUTE(SUBSTITUTE($EX$2,"@NRORG@",$CM$2),$CW$1,CW9),$D$1,D9),$CS$1,CS9),$EN$1,EN9),$EA$1,EA9) -> INSERT INTO GPE_ALTESITUFUNC ( NRALTESITUFUNC, NRORG, NRSITUFUNCM, NRVINCULOM, DTINISITUFUNC, DTINCLUSAO, NRORGINCLUSAO, CDOPERINCLUSAO ) VALUES ( 7, 5862, (CASE WHEN '' IS NOT NULL THEN '' WHEN '02/06/2026' IS NULL THEN '1' ELSE '13' END), 7, '02/06/2026', SYSDATE, 5862, '000000099991' ); | EY9: =IF(COUNTA(AJ9:AL9)<>3,"",SUBSTITUTE(SUBSTITUTE(SUBSTITUTE(SUBSTITUTE(SUBSTITUTE(SUBSTITUTE(SUBSTITUTE($EY$2,"@NRORG@",$CM$2),$CX$1,CX9),$CP$1,CP9),$DS$1,DS9),$DT$1,DT9),$DU$1,DU9),$AM$1,AM9)) | EZ9: =IF(CD9="","",SUBSTITUTE(SUBSTITUTE(SUBSTITUTE(SUBSTITUTE(SUBSTITUTE($EZ$2,"@NRORG@",$CM$2),$CY$1,CY9),$CP$1,CP9),$CD$1,CD9),$CI$1,TRIM(CI9))) | FA9: =IF($CK9="","",SUBSTITUTE(SUBSTITUTE(SUBSTITUTE(SUBSTITUTE(SUBSTITUTE($FA$2,"@NRORG@",$CM$2),$CZ$1,$CZ9),$CP$1,$CP9),$CK$1,SUBSTITUTE(TRIM($CK9),"'","")),$CJ$1,TRIM(SUBSTITUTE($CJ9,"'","")))) -> INSERT INTO COMUNICAPARC ( NRCOMUNICAPARC, NRPARCNEGOCIO, CDFORMACOMU, CDPREFIXCOMUPARC, CDCOMUNICAPARC, NRORG, IDATIVO, DTINCLUSAO, NRORGINCLUSAO, CDOPERINCLUSAO ) VALUES ( 9, 210, '02', '91', '984345293', 5862, 'S', SYSDATE, 5862, '000000099991' ); | FB9: =IF(TRIM($CE9)="","",SUBSTITUTE(SUBSTITUTE(SUBSTITUTE(SUBSTITUTE($FB$2,"@NRORG@",$CM$2),$DA$1,$DA9),$CP$1,$CP9),$CE$1,SUBSTITUTE(TRIM($CE9),"'",""))) -> INSERT INTO COMUNICAPARC ( NRCOMUNICAPARC, NRPARCNEGOCIO, CDFORMACOMU, CDCOMUNICAPARC, NRORG, IDATIVO, DTINCLUSAO, NRORGINCLUSAO, CDOPERINCLUSAO ) VALUES ( 36, 210, '05', 'luziethsanttos123@gmail.com', 5862, 'S', SYSDATE, 5862, '000000099991' ); | FC9: =IF(AV9="","",SUBSTITUTE(SUBSTITUTE(SUBSTITUTE(SUBSTITUTE(SUBSTITUTE(SUBSTITUTE(SUBSTITUTE(SUBSTITUTE(SUBSTITUTE(SUBSTITUTE(SUBSTITUTE(SUBSTITUTE($FC$2,"@NRORG@",$CM$2),$DB$1,DB9),$CP$1,CP9),$DV$1,DV9),$DW$1,DW9),$DI$1,DI9),$DK$1,DK9),$DL$1,DL9),$DM$1,DM9),$DJ$1,DJ9),$AW$1,SUBSTITUTE(TRIM(AW9),"'","")),$AS$1,AS9)) -> INSERT INTO ENDERECOPARC ( NRENDERECOPARC, NRPARCNEGOCIO, CDTIPOENDERECO, NRORG, IDATIVO, DTINCLUSAO, NRORGINCLUSAO, CDOPERINCLUSAO, CDPAIS, CDMUNICIPIO, CDLOGRADOURO, NMBAIRROENDERECO, DSCOMPLEENDERECO, NRCEPENDERECO, DSENDERECO, NRIMOVELENDERECO, SGESTADO ) VALUES ( 17, 210, 'PRINCIPAL', 5862, 'S', SYSDATE, 5862, '000000099991', '0055', ( SELECT MAX(CDMUNICIPIO) FROM MUNICIPIO WHERE NMMUNICIPIO = 'BELEM' AND SGESTADO = 'PA' ), 'R', 'CURIO UTINGA', 'FINAL DA RUA', '66610325', 'K2', '42', 'PA'); | FD9: =IF( DC9 = "", "", SUBSTITUTE( SUBSTITUTE( SUBSTITUTE( SUBSTITUTE( SUBSTITUTE( $FD$2, "@NRORG@", $CM$2 ), "@NRMOVIMENTACAO_LEG@", $DC9 ), "@NRVINCULOM@", $CS9 ), "@ESTRUTLEGAL@", $AP9 ), "@DTADMISSAO@", $DZ9 ) ) -> INSERT INTO GPE_MOVIMENTACAO ( NRMOVIMENTACAO, NRORG, NRVINCULOM, NRTIPOTRANSFER, NRTPMOVTRANSFM, NRESTRUTURAM, DTINIMOVIMENT, DSOBSERVACAO, DTINCLUSAO, NRORGINCLUSAO, CDOPERINCLUSAO, NRTIPOESTRUTURA ) VALUES ( 7, 5862, 7, 1, 1, (SELECT MAX(NRESTRUTURAM) FROM ESTRUTURAM WHERE NRORG = 5862 AND CDINTESTRUTURA = 'est_MATSAUDE' AND NRTIPOESTRUTURA = (SELECT NRTPESTRUTLEGAL FROM GPE_PARAMORG WHERE NRORG = 5862)), '02/02/2026', 'Movimentacao gerada via migracao ' || SYSDATE, SYSDATE, 5862, '000000099991', ( SELECT NRTPESTRUTLEGAL FROM GPE_PARAMORG WHERE NRORG = 5862 ) ); | FE9: =IF( DD9 = "", "", SUBSTITUTE( SUBSTITUTE( SUBSTITUTE( SUBSTITUTE( SUBSTITUTE( $FE$2, "@NRORG@", $CM$2 ), "@NRMOVIMENTACAO_GER@", $DD9 ), "@NRVINCULOM@", $CS9 ), "@ESTRUTGEREN@", $AQ9 ), "@DTADMISSAO@", $DZ9 ) ) -> INSERT INTO GPE_MOVIMENTACAO ( NRMOVIMENTACAO, NRORG, NRVINCULOM, NRTIPOTRANSFER, NRTPMOVTRANSFM, NRESTRUTURAM, DTINIMOVIMENT, DSOBSERVACAO, DTINCLUSAO, NRORGINCLUSAO, CDOPERINCLUSAO, NRTIPOESTRUTURA ) VALUES ( 34, 5862, 7, 2, 1, (SELECT MAX(NRESTRUTURAM) FROM ESTRUTURAM WHERE NRORG = 5862 AND CDINTESTRUTURA = 'dep_100000' AND NRTIPOESTRUTURA = (SELECT NRTPESTRUTGEREN FROM GPE_PARAMORG WHERE NRORG = 5862)), '02/02/2026', 'Movimentacao gerada via migracao ' || SYSDATE, SYSDATE, 5862, '000000099991', ( SELECT NRTPESTRUTGEREN FROM GPE_PARAMORG WHERE NRORG = 5862 ) ); | FF9: =IF( DE9 = "", "", SUBSTITUTE( SUBSTITUTE( SUBSTITUTE( SUBSTITUTE( SUBSTITUTE( $FF$2, "@NRORG@", $CM$2 ), "@NRMOVIMENTACAO_SIN@", $DE9 ), "@NRVINCULOM@", $CS9 ), "@ESTRUTSIND@", $BU9 ), "@DTADMISSAO@", $DZ9 ) ) | FG9: =$FG$2 -> COMMIT; | FI9: não | FL9: existe | FP9: existe | FT9: existe | FX9: existe | GB9: 0 | GD9: - Vínculo (matrícula): 270000-2-E1075, estrutura legal | GG9: COMMIT; | GI9: Organização | GJ9: =OFFSET($A$1,1,MATCH(GI9,$1:$1,0)-1) -> 5862 | GK9: =GJ9 -> 5862 | GL9: =GK9 -> 5862 | GM9: =GL9 -> 5862 | GN9: =GM9 -> 5862 | GO9: =GN9 -> 5862 | GP9: =GO9 -> 5862 | GQ9: =GP9 -> 5862 | GR9: =GQ9 -> 5862 | GS9: =GR9 -> 5862 | GT9: Organização | GU9: =GJ9 -> 5862 | GV9: =GK9 -> 5862 | GW9: =GL9 -> 5862 | GX9: =GM9 -> 5862 | GY9: =GN9 -> 5862 | GZ9: =GO9 -> 5862 | HA9: =GP9 -> 5862 | HB9: =GQ9 -> 5862 | ... HD9: =GS9 -> 5862 | HE9: Organização | HF9: =GU9 -> 5862 | HG9: =GV9 -> 5862 | HH9: =GW9 -> 5862 | HI9: =GX9 -> 5862 | HJ9: =GY9 -> 5862 | HK9: =GZ9 -> 5862 | HL9: =HA9 -> 5862 | HM9: =HB9 -> 5862 | ... HO9: =HD9 -> 5862
A10: 02/02/2026 | B10: 02/06/2026 | C10: 270000-2-E1082 | E10: 000007 | F10: 01/01/2000 | G10: NUNCA | H10: ANA KAROLINE LIMA DOS SANTOS | I10: S | J10: 09326164292 | Q10: 9477706 | R10: PC | S10: PA | T10: 29/09/2020 | AC10: 5 | AD10: 1058 | AE10: PA | AF10: Belem | AG10: 23/08/2002 | AH10: F | AI10: SAL1 | AM10: 2 | AN10: 1 | AP10: est_MATSAUDE | AQ10: dep_270000 | AR10: 0055 | AS10: PA | AT10: Ananindeua | AU10: AL | AV10: VIDA NOVA | AW10: 8 | AX10: COQUEIRO | AY10: NOVA REPUBLICA | AZ10: 67000001 | BA10: 1 | BF10: 0089-7 | BG10: UNICO | BP10: 02/02/2026 | BQ10: 0 | BR10: 0 | BS10: 1 | BT10: 7 | BX10: 02/02/2027 | CC10: 1 | CE10: anakarolinee335@gmail.acom | CF10: 0 | CH10: LUCILENE LIMA DOS SANTOS | CJ10: 91 | CK10: 991011529 | CP10: =CP9+1 -> 211 | CQ10: =CQ9+1 -> 8 | CR10: =CR9+1 -> 8 | CS10: =CS9+1 -> 8 | CT10: =CT9+3 -> 22 | CU10: =CU9+3 -> 23 | CV10: =CV9+3 -> 24 | CW10: =CW9+1 -> 8 | CX10: =IF( COUNTA( AJ10:AL10 ) <> 3, CX9, CX9 + 1 ) -> 6 | CY10: =IF( TRIM( CD10 ) = "", CY9, CY9 + 1 ) -> 1 | CZ10: =IF( TRIM( CK10 ) = "", CZ9, CZ9 + 1 ) -> 10 | DA10: =IF( TRIM( CE10 ) = "", DA9, DA9 + 1 ) -> 37 | DB10: =DB9+1 -> 18 | DC10: =IF( OR( AP10 = "", FT10 <> "existe" ), "", LARGE( DC$2:DC9, 1 ) + 1 ) -> 8 | DD10: =IF( OR( AQ10 = "", FX10 <> "existe" ), "", LARGE( DD$2:DD9, 1 ) + 1 ) -> 35 | DE10: =IF( OR( BU10 = "", GB10 <> "existe" ), "", LARGE( DE$2:DE9, 1 ) + 1 ) | DF10: =TRIM(UPPER(G10)) -> NUNCA | DG10: =UPPER( TRIM(SUBSTITUTE(SUBSTITUTE(AF10,"'",""),"&","")) ) -> BELEM | DH10: =IF(TRIM(AN10) = "", "", TRIM(AN10)*1) -> 1 | DI10: =UPPER( MID( SUBSTITUTE( SUBSTITUTE( SUBSTITUTE(AU10, "Ç", "C"), "Ã", "A"), "Á", "A"), 1, 4) ) -> AL | DJ10: =TRIM(SUBSTITUTE(SUBSTITUTE(AV10,"'",""),"&","")) -> VIDA NOVA | DK10: =TRIM(SUBSTITUTE(SUBSTITUTE(AX10,"'",""),"&","")) -> COQUEIRO | DL10: =TRIM(SUBSTITUTE(SUBSTITUTE(AY10,"'",""),"&","")) -> NOVA REPUBLICA | DM10: =TRIM(SUBSTITUTE(SUBSTITUTE(AZ10,"'",""),"&","")) -> 67000001 | DN10: =BF10 -> 0089-7 | DO10: =TRIM(BQ10) -> 0 | DP10: =TRIM(BR10) -> 0 | DQ10: =IFERROR( SUBSTITUTE( SUBSTITUTE( SUBSTITUTE( SUBSTITUTE( AB10, ".", "" ), ",", "" ), "-", "" ), " ", "" ) * 1, "" ) | DR10: =TRIM(SUBSTITUTE(SUBSTITUTE(Q10,"'",""),"+","")) -> 9477706 | DS10: =TEXT(AJ10,"000") -> 000 | DT10: =UPPER( MID( SUBSTITUTE( TRIM( AK10 ), "-", "" ), 1, 5 ) ) | DU10: =UPPER( SUBSTITUTE( TRIM( AL10 ), "-", "" ) ) | DV10: =TEXT(AR10,"0000") -> 0055 | DW10: =UPPER( TRIM(SUBSTITUTE(SUBSTITUTE(AT10,"'",""),"&","")) ) -> ANANINDEUA | DX10: {=TEXT( MIG_NORMA.NÚMERICO( J10 ), "00000000000" )} -> 09326164292 | DY10: {=TEXT( MIG_NORMA.NÚMERICO( K10 ), "0000000" )} | DZ10: =IF(TRIM(A10)="","",TEXT(TRIM(A10),"DD/MM/AAAA")) -> 02/02/2026 | EA10: =IF(TRIM(B10)="","",TEXT(TRIM(B10),"DD/MM/AAAA")) -> 02/06/2026 | EB10: =IF(TRIM(AG10)="","",TEXT(TRIM(AG10),"DD/MM/AAAA")) -> 23/08/2002 | EC10: =IF(TRIM(N10)="","",TEXT(TRIM(N10),"DD/MM/AAAA")) | ED10: =IF(TRIM(P10)="","",TEXT(TRIM(P10),"DD/MM/AAAA")) | EE10: =IF(TRIM(Y10)="","",TEXT(TRIM(Y10),"DD/MM/AAAA")) | EF10: =IF(TRIM(T10)="","",TEXT(TRIM(T10),"DD/MM/AAAA")) -> 29/09/2020 | EG10: =IF(TRIM(BC10)="","",TEXT(TRIM(BC10),"DD/MM/AAAA")) | EH10: =IF(TRIM(BD10)="","",TEXT(TRIM(BD10),"DD/MM/AAAA")) | EI10: =IF(TRIM(BE10)="","",TEXT(TRIM(BE10),"DD/MM/AAAA")) | EJ10: =IF(TRIM(BX10)="","",TEXT(TRIM(BX10),"DD/MM/AAAA")) -> 02/02/2027 | EK10: =IF(TRIM(BY10)="","",TEXT(TRIM(BY10),"DD/MM/AAAA")) | EL10: =IF(TRIM(BK10)="","",TEXT(TRIM(BK10),"DD/MM/AAAA")) | EM10: =IF(TRIM(BP10)="","",TEXT(TRIM(BP10),"DD/MM/AAAA")) -> 02/02/2026 | EN10: =IF(EA10="",DZ10,EA10) -> 02/06/2026 | EO10: =IF(TRIM(BM10)="","",TEXT(TRIM(BM10),"DD/MM/AAAA")) | EP10: =MID(TRIM(AA10),1,20) | EQ10: =SUBSTITUTE(SUBSTITUTE(SUBSTITUTE(SUBSTITUTE(SUBSTITUTE(SUBSTITUTE(SUBSTITUTE($EQ$2,"@NRORG@",$CM$2),$CP$1,CP10),$H$1,H10),$EB$1,EB10),$J$1,J10),$CP$1,CP10),$DX$1,DX10) -> INSERT INTO PARCNEGOCIO ( NRPARCNEGOCIO, NRORG, NMPRINCIPALPARC, NMSECUNDARIPARC, DTNASCIFUNDPARC, NRINSCRICAOPARC, IDATIVO, DTINCLUSAO, NRORGINCLUSAO, CDOPERINCLUSAO, CDTIPOPARCPRINCIPAL, CDTIPOINSCRICAO, IDPESSOAFISICA, IDINSTITUICAO, IDPARCFUNDIDO ) VALUES ( 211, 5862, 'ANA KAROLINE LIMA DOS SANTOS', 'ANA KAROLINE LIMA DOS SANTOS', '23/08/2002', '09326164292', 'S', SYSDATE, 5862, '000000099991', 'PESSOA', 'CPF', 'S', 'N', 'N' ); | ER10: =SUBSTITUTE(SUBSTITUTE(SUBSTITUTE($ER$2,"@NRORG@",$CM$2),$CQ$1,CQ10),$CP$1,CP10) -> INSERT INTO GPE_PESSOA ( NRPESSOA, NRORG, NRPARCNEGOCIO, DTINCLUSAO, NRORGINCLUSAO, CDOPERINCLUSAO ) VALUES ( 8, 5862, 211, SYSDATE, 5862, '000000099991' ); | ES10: =SUBSTITUTE( SUBSTITUTE( SUBSTITUTE( SUBSTITUTE( SUBSTITUTE( SUBSTITUTE( SUBSTITUTE( SUBSTITUTE( SUBSTITUTE( SUBSTITUTE( SUBSTITUTE( SUBSTITUTE( SUBSTITUTE( SUBSTITUTE( SUBSTITUTE( SUBSTITUTE( SUBSTITUTE( SUBSTITUTE( SUBSTITUTE( SUBSTITUTE( SUBSTITUTE( SUBSTITUTE( SUBSTITUTE( SUBSTITUTE( SUBSTITUTE( SUBSTITUTE( SUBSTITUTE( SUBSTITUTE( SUBSTITUTE( SUBSTITUTE( SUBSTITUTE( SUBSTITUTE( SUBSTITUTE( $ES$2, "@NRORG@", $CM$2 ), "@NRPESSOAH@", $CR10 ), "@NRPESSOA@", $CQ10 ), "@NOMEVINC@", $H10 ), "@CDESTACIVIL@", $I10 ), "@CPF@", $DX10 ), "@CTPS@", $DY10 ), "@SERIECTPS@", $L10 ), "@UFCTPS@", $M10 ), "@DTCTPS@", $EC10 ), "@PIS@", $O10 ), "@DTPIS@", $ED10 ), "@TITUELEI@", $U10 ), "@SECAOELEI@", $V10 ), "@ZONAELEI@", $W10 ), "@CNH@", $X10 ), "@DTVALCNH@", $EE10 ), "@CATCNH@", $Z10 ), "@NRCATMILITARPE@", $DQ10 ), "@NRCERTRESE@", $EP10 ), "@NRRACA@", $AC10 ), "@CDPAIS@", $AD10 ), "@SGESTADO@", $AE10 ), "@NMMUNICIPIO@", $DG10 ), "@DTNASCI@", $EB10 ), "@IDSEXO@", $AH10 ), "@NRRG@", $DR10 ), "@CDEXRG@", SUBSTITUTE($R10,"'","") ), "@UFRG@", $S10 ), "@DTEXRG@", $EF10 ), "@NRNACIONALID@", $DH10 ), "@NRGRAUINSTR@", $BT10 ),"@NRCONDFISPES@", $CC10 ) -> INSERT INTO GPE_PESSOAH ( NRPESSOAH, NRPESSOA, NRORG, DTMESCOMPETENC, NMPESSOA, CDESTACIVIL, NRCPFPESSOA, NRCTPSPESSOA, NRSERIECTPSPES, SGUFCTPSPES, DTCTPSPESSOA, NRPISPASEPPES, DTINSCPISPASEP, NRTITUELEIPES, NRSECAELEIPES, NRZONAELEIPES, NRCARTHABPES, DTVALHABCARTPES, DSCATEGHABCART, NRCATMILITARPE, NRCERTRESEPES, DTINCLUSAO, NRORGINCLUSAO, CDOPERINCLUSAO, NRRACAPESSOA, CDPAIS, SGESTADO, CDMUNICIPIO, DTNASCPESSOA, IDSEXOPESSOA, NRRGPESSOA, CDEXRGPESSOA, SGUFRGPESSOA, DTEXRGPESSOA, NRNACIONALID, NRGRAUINSTR, NRCONDFISPES ) VALUES ( 8, 8, 5862, '01/01/2000', 'ANA KAROLINE LIMA DOS SANTOS', 'S', '09326164292', '', '', '', '', '', '', '', '', '', '', '', '', (SELECT NRCATMILITARPE FROM GPE_CATMILITARPE WHERE NRCATMILITARPE = ''), '', SYSDATE, 5862, '000000099991', '5', '1058', 'PA', (SELECT MAX(CDMUNICIPIO) FROM MUNICIPIO WHERE NMMUNICIPIO = 'BELEM'), '23/08/2002', 'F', '9477706', 'PC', 'PA', '29/09/2020', '1', '7' , '1'); | ET10: =SUBSTITUTE(SUBSTITUTE(SUBSTITUTE(SUBSTITUTE(SUBSTITUTE(SUBSTITUTE(SUBSTITUTE(SUBSTITUTE(SUBSTITUTE(SUBSTITUTE(SUBSTITUTE(SUBSTITUTE(SUBSTITUTE(SUBSTITUTE(SUBSTITUTE(SUBSTITUTE(SUBSTITUTE(SUBSTITUTE(SUBSTITUTE(SUBSTITUTE(SUBSTITUTE($ET$2,"@NRORG@",$CM$2),$CS$1,CS10),$CQ$1,CQ10),$C$1,C10),$DZ$1,DZ10),$EA$1,EA10),$BA$1,BA10),$BN$1,BN10),$BO$1,BO10),$BB$1,BB10),$EG$1,EG10),$EH$1,EH10),$EI$1,EI10),$H$1,H10),$BI$1,BI10),$BJ$1,BJ10),$EL$1,EL10),$BV$1,BV10),$BW$1,BW10),$EJ$1,EJ10),$EK$1,EK10) -> INSERT INTO GPE_VINCULOM (NRVINCULOM, NRPESSOA, NRORG, CDMATRICULA, DTADMISSAOVINC, DTRESCISAOVINC, DTINCLUSAO, NRORGINCLUSAO, CDOPERINCLUSAO, NRTIPOVINCULOM, NRVINCULOEMPREG, NRTPADMISSAO, NRTPDEMISSAO, DTOPCAOFGTS, DTAPOSENTAFGTS, DTPRIMADMISSAO, NMVINCULOM, NRMOTIVORESC, DSOBSRESCISAO, DTAVISOPREVIO, NRDIASCONTRATOEXP, NRDIASCONTRATOEXPPRO, DTEXAMEMEDICO, DTAVISOTRCT) VALUES (8, 8, 5862, '270000-2-E1082', '02/02/2026', '02/06/2026', SYSDATE, 5862, '000000099991', '1', '', '', '', '', '', '', 'ANA KAROLINE LIMA DOS SANTOS', '', '', '', '', '', '02/02/2027', ''); | EU10: =SUBSTITUTE( SUBSTITUTE( SUBSTITUTE( SUBSTITUTE( SUBSTITUTE( SUBSTITUTE( SUBSTITUTE( SUBSTITUTE( SUBSTITUTE( SUBSTITUTE( SUBSTITUTE( SUBSTITUTE( SUBSTITUTE( SUBSTITUTE( SUBSTITUTE( SUBSTITUTE( SUBSTITUTE( SUBSTITUTE( SUBSTITUTE( SUBSTITUTE( SUBSTITUTE( $EU$2, "@NRORG@", $CM$2 ), "@NRVINCULOH@", $CT10 ), "@NRVINCULOM@", $CS10 ), "@NRSITUFUNCM@", $D10 ), "@OCUPACAO@", $DN10 ), "@IDCONTRIBUISIND@", $DF10 ), "@NRDEPENDIR@", $DO10 ), "@NRDEPENDSFAM@", $DP10 ), "@DTBASEFERIAS@", $EM10 ), "@IDREMUNERACAO@", $AI10 ), "@IDTPPAGAMENTO@", $AO10 ), "@ESTRUTLEGAL@", $AP10 ), "@ESTRUTGEREN@", $AQ10 ), "@ESTRUTSIND@", $BU10 ), "@NRTPMODALIDSAL@", $BS10 ), "@IDMULTVINC@", $BG10 ), "@CDCONTRIBINDIVIDUAL@", $BH10 ), "@DTFIMCONTRDETERMIN@", $EO10 ), "@NRESCALATRABM@", $E10 ), "@CORINGASIND@", $GF$8 ), "@CORINGAGEREN@", $GF$6 ) -> INSERT INTO GPE_VINCULOH (NRVINCULOH, NRVINCULOM, NRSITUFUNCM, NRCARGO, NRFUNCAO, NRORG, DTMESCOMPETENC, IDCONTRIBUISIND, DTINCLUSAO, NRORGINCLUSAO, CDOPERINCLUSAO, NRDEPENDIR, NRDEPENDSFAM, DTBASEFERIAS, IDREMUNERACAO, IDTPPAGAMENTO, NRESTRUTLEGAL, NRESTRUTGEREN, NRESTRUTSIND, NRTPMODALIDSAL, IDMULTVINC, CDCONTRIBINDIVIDUAL, NRTPMOVTRANSFM, DTFIMCONTRDETERMIN, CONFIDENCIAL, NRESCALATRABM) VALUES (22, 8, '', (SELECT MAX(NROCUPACAOM) FROM GPE_OCUPACAOH WHERE NRORG = 5862 AND CDINTEGRACAO = '0089-7'), (SELECT MAX(NROCUPACAOM) FROM GPE_OCUPACAOH WHERE NRORG = 5862 AND CDINTEGRACAO = '0089-7'), 5862, '01/01/2000', 'NUNCA', SYSDATE, 5862, '000000099991', '0', '0', '02/02/2026', 'SAL1', '', (SELECT MAX(NRESTRUTURAM) FROM ESTRUTURAM WHERE NRORG = 5862 AND CDINTESTRUTURA = 'est_MATSAUDE'), NVL((SELECT MAX(NRESTRUTURAM) FROM ESTRUTURAM WHERE NRORG = 5862 AND CDINTESTRUTURA = 'dep_270000'), 999992), NVL((SELECT MAX(NRESTRUTURAM) FROM ESTRUTURAM WHERE NRORG = 5862 AND CDINTESTRUTURA = ''), 999993), '1', 'UNICO', '', 2, '', 'N', (SELECT MAX(NRESCALATRABM) FROM GPE_ESCALATRABH WHERE NRORG = 5862 AND NRESCALATRABM = '000007') ); | EV10: =SUBSTITUTE(SUBSTITUTE(SUBSTITUTE(SUBSTITUTE(SUBSTITUTE($EV$2,"@NRORG@",$CM$2),$CT$1,CT10),$CU$1,CU10),$CV$1,CV10),$CN$1,$CN$2) -> INSERT INTO GPE_VINCULOH (NRVINCULOH, NRVINCULOM, NRSITUFUNCM, NRCARGO, NRFUNCAO, NRORG, DTMESCOMPETENC, IDCONTRIBUISIND, DTINCLUSAO, NRORGINCLUSAO, CDOPERINCLUSAO, NRDEPENDIR, NRDEPENDSFAM, DTBASEFERIAS, IDREMUNERACAO, IDTPPAGAMENTO, NRESTRUTLEGAL, NRESTRUTGEREN, NRESTRUTSIND, NRTPMODALIDSAL, IDMULTVINC, CDCONTRIBINDIVIDUAL, NRTPMOVTRANSFM, DTFIMCONTRDETERMIN, CONFIDENCIAL, NRESCALATRABM) SELECT 23 NRVINCULOH, NRVINCULOM, NRSITUFUNCM, NRCARGO, NRFUNCAO, NRORG, '01/01/2024' DTMESCOMPETENC, IDCONTRIBUISIND, SYSDATE DTINCLUSAO, NRORGINCLUSAO, CDOPERINCLUSAO, NRDEPENDIR, NRDEPENDSFAM, DTBASEFERIAS, IDREMUNERACAO, IDTPPAGAMENTO, NRESTRUTLEGAL, NRESTRUTGEREN, NRESTRUTSIND, NRTPMODALIDSAL, IDMULTVINC, CDCONTRIBINDIVIDUAL, NRTPMOVTRANSFM, DTFIMCONTRDETERMIN, CONFIDENCIAL, NRESCALATRABM FROM GPE_VINCULOH WHERE NRORG = 5862 AND NRVINCULOH = 22; | EW10: =SUBSTITUTE(SUBSTITUTE(SUBSTITUTE(SUBSTITUTE(SUBSTITUTE($EW$2,"@NRORG@",$CM$2),$CT$1,CT10),$CV$1,CV10),$CV$1,CV10),$CO$1,$CO$2) -> INSERT INTO GPE_VINCULOH (NRVINCULOH, NRVINCULOM, NRSITUFUNCM, NRCARGO, NRFUNCAO, NRORG, DTMESCOMPETENC, IDCONTRIBUISIND, DTINCLUSAO, NRORGINCLUSAO, CDOPERINCLUSAO, NRDEPENDIR, NRDEPENDSFAM, DTBASEFERIAS, IDREMUNERACAO, IDTPPAGAMENTO, NRESTRUTLEGAL, NRESTRUTGEREN, NRESTRUTSIND, NRTPMODALIDSAL, IDMULTVINC, CDCONTRIBINDIVIDUAL, NRTPMOVTRANSFM, DTFIMCONTRDETERMIN, CONFIDENCIAL, NRESCALATRABM) SELECT 24 NRVINCULOH, NRVINCULOM, NRSITUFUNCM, NRCARGO, NRFUNCAO, NRORG, '01/01/2025' DTMESCOMPETENC, IDCONTRIBUISIND, SYSDATE DTINCLUSAO, NRORGINCLUSAO, CDOPERINCLUSAO, NRDEPENDIR, NRDEPENDSFAM, DTBASEFERIAS, IDREMUNERACAO, IDTPPAGAMENTO, NRESTRUTLEGAL, NRESTRUTGEREN, NRESTRUTSIND, NRTPMODALIDSAL, IDMULTVINC, CDCONTRIBINDIVIDUAL, NRTPMOVTRANSFM, DTFIMCONTRDETERMIN, CONFIDENCIAL, NRESCALATRABM FROM GPE_VINCULOH WHERE NRORG = 5862 AND NRVINCULOH = 22; | EX10: =SUBSTITUTE(SUBSTITUTE(SUBSTITUTE(SUBSTITUTE(SUBSTITUTE(SUBSTITUTE($EX$2,"@NRORG@",$CM$2),$CW$1,CW10),$D$1,D10),$CS$1,CS10),$EN$1,EN10),$EA$1,EA10) -> INSERT INTO GPE_ALTESITUFUNC ( NRALTESITUFUNC, NRORG, NRSITUFUNCM, NRVINCULOM, DTINISITUFUNC, DTINCLUSAO, NRORGINCLUSAO, CDOPERINCLUSAO ) VALUES ( 8, 5862, (CASE WHEN '' IS NOT NULL THEN '' WHEN '02/06/2026' IS NULL THEN '1' ELSE '13' END), 8, '02/06/2026', SYSDATE, 5862, '000000099991' ); | EY10: =IF(COUNTA(AJ10:AL10)<>3,"",SUBSTITUTE(SUBSTITUTE(SUBSTITUTE(SUBSTITUTE(SUBSTITUTE(SUBSTITUTE(SUBSTITUTE($EY$2,"@NRORG@",$CM$2),$CX$1,CX10),$CP$1,CP10),$DS$1,DS10),$DT$1,DT10),$DU$1,DU10),$AM$1,AM10)) | EZ10: =IF(CD10="","",SUBSTITUTE(SUBSTITUTE(SUBSTITUTE(SUBSTITUTE(SUBSTITUTE($EZ$2,"@NRORG@",$CM$2),$CY$1,CY10),$CP$1,CP10),$CD$1,CD10),$CI$1,TRIM(CI10))) | FA10: =IF($CK10="","",SUBSTITUTE(SUBSTITUTE(SUBSTITUTE(SUBSTITUTE(SUBSTITUTE($FA$2,"@NRORG@",$CM$2),$CZ$1,$CZ10),$CP$1,$CP10),$CK$1,SUBSTITUTE(TRIM($CK10),"'","")),$CJ$1,TRIM(SUBSTITUTE($CJ10,"'","")))) -> INSERT INTO COMUNICAPARC ( NRCOMUNICAPARC, NRPARCNEGOCIO, CDFORMACOMU, CDPREFIXCOMUPARC, CDCOMUNICAPARC, NRORG, IDATIVO, DTINCLUSAO, NRORGINCLUSAO, CDOPERINCLUSAO ) VALUES ( 10, 211, '02', '91', '991011529', 5862, 'S', SYSDATE, 5862, '000000099991' ); | FB10: =IF(TRIM($CE10)="","",SUBSTITUTE(SUBSTITUTE(SUBSTITUTE(SUBSTITUTE($FB$2,"@NRORG@",$CM$2),$DA$1,$DA10),$CP$1,$CP10),$CE$1,SUBSTITUTE(TRIM($CE10),"'",""))) -> INSERT INTO COMUNICAPARC ( NRCOMUNICAPARC, NRPARCNEGOCIO, CDFORMACOMU, CDCOMUNICAPARC, NRORG, IDATIVO, DTINCLUSAO, NRORGINCLUSAO, CDOPERINCLUSAO ) VALUES ( 37, 211, '05', 'anakarolinee335@gmail.acom', 5862, 'S', SYSDATE, 5862, '000000099991' ); | FC10: =IF(AV10="","",SUBSTITUTE(SUBSTITUTE(SUBSTITUTE(SUBSTITUTE(SUBSTITUTE(SUBSTITUTE(SUBSTITUTE(SUBSTITUTE(SUBSTITUTE(SUBSTITUTE(SUBSTITUTE(SUBSTITUTE($FC$2,"@NRORG@",$CM$2),$DB$1,DB10),$CP$1,CP10),$DV$1,DV10),$DW$1,DW10),$DI$1,DI10),$DK$1,DK10),$DL$1,DL10),$DM$1,DM10),$DJ$1,DJ10),$AW$1,SUBSTITUTE(TRIM(AW10),"'","")),$AS$1,AS10)) -> INSERT INTO ENDERECOPARC ( NRENDERECOPARC, NRPARCNEGOCIO, CDTIPOENDERECO, NRORG, IDATIVO, DTINCLUSAO, NRORGINCLUSAO, CDOPERINCLUSAO, CDPAIS, CDMUNICIPIO, CDLOGRADOURO, NMBAIRROENDERECO, DSCOMPLEENDERECO, NRCEPENDERECO, DSENDERECO, NRIMOVELENDERECO, SGESTADO ) VALUES ( 18, 211, 'PRINCIPAL', 5862, 'S', SYSDATE, 5862, '000000099991', '0055', ( SELECT MAX(CDMUNICIPIO) FROM MUNICIPIO WHERE NMMUNICIPIO = 'ANANINDEUA' AND SGESTADO = 'PA' ), 'AL', 'COQUEIRO', 'NOVA REPUBLICA', '67000001', 'VIDA NOVA', '8', 'PA'); | FD10: =IF( DC10 = "", "", SUBSTITUTE( SUBSTITUTE( SUBSTITUTE( SUBSTITUTE( SUBSTITUTE( $FD$2, "@NRORG@", $CM$2 ), "@NRMOVIMENTACAO_LEG@", $DC10 ), "@NRVINCULOM@", $CS10 ), "@ESTRUTLEGAL@", $AP10 ), "@DTADMISSAO@", $DZ10 ) ) -> INSERT INTO GPE_MOVIMENTACAO ( NRMOVIMENTACAO, NRORG, NRVINCULOM, NRTIPOTRANSFER, NRTPMOVTRANSFM, NRESTRUTURAM, DTINIMOVIMENT, DSOBSERVACAO, DTINCLUSAO, NRORGINCLUSAO, CDOPERINCLUSAO, NRTIPOESTRUTURA ) VALUES ( 8, 5862, 8, 1, 1, (SELECT MAX(NRESTRUTURAM) FROM ESTRUTURAM WHERE NRORG = 5862 AND CDINTESTRUTURA = 'est_MATSAUDE' AND NRTIPOESTRUTURA = (SELECT NRTPESTRUTLEGAL FROM GPE_PARAMORG WHERE NRORG = 5862)), '02/02/2026', 'Movimentacao gerada via migracao ' || SYSDATE, SYSDATE, 5862, '000000099991', ( SELECT NRTPESTRUTLEGAL FROM GPE_PARAMORG WHERE NRORG = 5862 ) ); | FE10: =IF( DD10 = "", "", SUBSTITUTE( SUBSTITUTE( SUBSTITUTE( SUBSTITUTE( SUBSTITUTE( $FE$2, "@NRORG@", $CM$2 ), "@NRMOVIMENTACAO_GER@", $DD10 ), "@NRVINCULOM@", $CS10 ), "@ESTRUTGEREN@", $AQ10 ), "@DTADMISSAO@", $DZ10 ) ) -> INSERT INTO GPE_MOVIMENTACAO ( NRMOVIMENTACAO, NRORG, NRVINCULOM, NRTIPOTRANSFER, NRTPMOVTRANSFM, NRESTRUTURAM, DTINIMOVIMENT, DSOBSERVACAO, DTINCLUSAO, NRORGINCLUSAO, CDOPERINCLUSAO, NRTIPOESTRUTURA ) VALUES ( 35, 5862, 8, 2, 1, (SELECT MAX(NRESTRUTURAM) FROM ESTRUTURAM WHERE NRORG = 5862 AND CDINTESTRUTURA = 'dep_270000' AND NRTIPOESTRUTURA = (SELECT NRTPESTRUTGEREN FROM GPE_PARAMORG WHERE NRORG = 5862)), '02/02/2026', 'Movimentacao gerada via migracao ' || SYSDATE, SYSDATE, 5862, '000000099991', ( SELECT NRTPESTRUTGEREN FROM GPE_PARAMORG WHERE NRORG = 5862 ) ); | FF10: =IF( DE10 = "", "", SUBSTITUTE( SUBSTITUTE( SUBSTITUTE( SUBSTITUTE( SUBSTITUTE( $FF$2, "@NRORG@", $CM$2 ), "@NRMOVIMENTACAO_SIN@", $DE10 ), "@NRVINCULOM@", $CS10 ), "@ESTRUTSIND@", $BU10 ), "@DTADMISSAO@", $DZ10 ) ) | FG10: =$FG$2 -> COMMIT; | FI10: não | FL10: existe | FP10: existe | FT10: existe | FX10: existe | GB10: 0 | GD10: - Vínculo (matrícula): 270000-2-E1077, estrutura legal
A11: 02/02/2026 | B11: 02/06/2026 | C11: 270000-2-E1083 | E11: 000007 | F11: 01/01/2000 | G11: NUNCA | H11: ARIELLY DA SILVA CASTRO | I11: S | J11: 03859026208 | Q11: 7675403 | R11: PC | S11: PA | T11: 25/02/2021 | AC11: 5 | AD11: 1058 | AE11: PA | AF11: Belem | AG11: 13/05/2001 | AH11: F | AI11: SAL1 | AM11: 2 | AN11: 1 | AP11: est_MATSAUDE | AQ11: dep_270000 | AR11: 0055 | AS11: PA | AT11: Belem | AU11: PSG | AV11: SANTA CLARA | AW11: 85 | AX11: GUAMA | AY11: FUNDOS CASA 03 ALTOS | AZ11: 66075590 | BA11: 1 | BF11: 0089-7 | BG11: UNICO | BP11: 02/02/2026 | BQ11: 0 | BR11: 0 | BS11: 1 | BT11: 7 | BX11: 02/02/2027 | CC11: 1 | CE11: castroarielly5@gamil.com | CF11: 0 | CG11: MANOEL MARIA GOMES CASTRO | CH11: ADRIANA DA SILVA CORREA | CJ11: 91 | CK11: 991698003 | CP11: =CP10+1 -> 212 | CQ11: =CQ10+1 -> 9 | CR11: =CR10+1 -> 9 | CS11: =CS10+1 -> 9 | CT11: =CT10+3 -> 25 | CU11: =CU10+3 -> 26 | CV11: =CV10+3 -> 27 | CW11: =CW10+1 -> 9 | CX11: =IF( COUNTA( AJ11:AL11 ) <> 3, CX10, CX10 + 1 ) -> 6 | CY11: =IF( TRIM( CD11 ) = "", CY10, CY10 + 1 ) -> 1 | CZ11: =IF( TRIM( CK11 ) = "", CZ10, CZ10 + 1 ) -> 11 | DA11: =IF( TRIM( CE11 ) = "", DA10, DA10 + 1 ) -> 38 | DB11: =DB10+1 -> 19 | DC11: =IF( OR( AP11 = "", FT11 <> "existe" ), "", LARGE( DC$2:DC10, 1 ) + 1 ) -> 9 | DD11: =IF( OR( AQ11 = "", FX11 <> "existe" ), "", LARGE( DD$2:DD10, 1 ) + 1 ) -> 36 | DE11: =IF( OR( BU11 = "", GB11 <> "existe" ), "", LARGE( DE$2:DE10, 1 ) + 1 ) | DF11: =TRIM(UPPER(G11)) -> NUNCA | DG11: =UPPER( TRIM(SUBSTITUTE(SUBSTITUTE(AF11,"'",""),"&","")) ) -> BELEM | DH11: =IF(TRIM(AN11) = "", "", TRIM(AN11)*1) -> 1 | DI11: =UPPER( MID( SUBSTITUTE( SUBSTITUTE( SUBSTITUTE(AU11, "Ç", "C"), "Ã", "A"), "Á", "A"), 1, 4) ) -> PSG | DJ11: =TRIM(SUBSTITUTE(SUBSTITUTE(AV11,"'",""),"&","")) -> SANTA CLARA | DK11: =TRIM(SUBSTITUTE(SUBSTITUTE(AX11,"'",""),"&","")) -> GUAMA | DL11: =TRIM(SUBSTITUTE(SUBSTITUTE(AY11,"'",""),"&","")) -> FUNDOS CASA 03 ALTOS | DM11: =TRIM(SUBSTITUTE(SUBSTITUTE(AZ11,"'",""),"&","")) -> 66075590 | DN11: =BF11 -> 0089-7 | DO11: =TRIM(BQ11) -> 0 | DP11: =TRIM(BR11) -> 0 | DQ11: =IFERROR( SUBSTITUTE( SUBSTITUTE( SUBSTITUTE( SUBSTITUTE( AB11, ".", "" ), ",", "" ), "-", "" ), " ", "" ) * 1, "" ) | DR11: =TRIM(SUBSTITUTE(SUBSTITUTE(Q11,"'",""),"+","")) -> 7675403 | DS11: =TEXT(AJ11,"000") -> 000 | DT11: =UPPER( MID( SUBSTITUTE( TRIM( AK11 ), "-", "" ), 1, 5 ) ) | DU11: =UPPER( SUBSTITUTE( TRIM( AL11 ), "-", "" ) ) | DV11: =TEXT(AR11,"0000") -> 0055 | DW11: =UPPER( TRIM(SUBSTITUTE(SUBSTITUTE(AT11,"'",""),"&","")) ) -> BELEM | DX11: {=TEXT( MIG_NORMA.NÚMERICO( J11 ), "00000000000" )} -> 03859026208 | DY11: {=TEXT( MIG_NORMA.NÚMERICO( K11 ), "0000000" )} | DZ11: =IF(TRIM(A11)="","",TEXT(TRIM(A11),"DD/MM/AAAA")) -> 02/02/2026 | EA11: =IF(TRIM(B11)="","",TEXT(TRIM(B11),"DD/MM/AAAA")) -> 02/06/2026 | EB11: =IF(TRIM(AG11)="","",TEXT(TRIM(AG11),"DD/MM/AAAA")) -> 13/05/2001 | EC11: =IF(TRIM(N11)="","",TEXT(TRIM(N11),"DD/MM/AAAA")) | ED11: =IF(TRIM(P11)="","",TEXT(TRIM(P11),"DD/MM/AAAA")) | EE11: =IF(TRIM(Y11)="","",TEXT(TRIM(Y11),"DD/MM/AAAA")) | EF11: =IF(TRIM(T11)="","",TEXT(TRIM(T11),"DD/MM/AAAA")) -> 25/02/2021 | EG11: =IF(TRIM(BC11)="","",TEXT(TRIM(BC11),"DD/MM/AAAA")) | EH11: =IF(TRIM(BD11)="","",TEXT(TRIM(BD11),"DD/MM/AAAA")) | EI11: =IF(TRIM(BE11)="","",TEXT(TRIM(BE11),"DD/MM/AAAA")) | EJ11: =IF(TRIM(BX11)="","",TEXT(TRIM(BX11),"DD/MM/AAAA")) -> 02/02/2027 | EK11: =IF(TRIM(BY11)="","",TEXT(TRIM(BY11),"DD/MM/AAAA")) | EL11: =IF(TRIM(BK11)="","",TEXT(TRIM(BK11),"DD/MM/AAAA")) | EM11: =IF(TRIM(BP11)="","",TEXT(TRIM(BP11),"DD/MM/AAAA")) -> 02/02/2026 | EN11: =IF(EA11="",DZ11,EA11) -> 02/06/2026 | EO11: =IF(TRIM(BM11)="","",TEXT(TRIM(BM11),"DD/MM/AAAA")) | EP11: =MID(TRIM(AA11),1,20) | EQ11: =SUBSTITUTE(SUBSTITUTE(SUBSTITUTE(SUBSTITUTE(SUBSTITUTE(SUBSTITUTE(SUBSTITUTE($EQ$2,"@NRORG@",$CM$2),$CP$1,CP11),$H$1,H11),$EB$1,EB11),$J$1,J11),$CP$1,CP11),$DX$1,DX11) -> INSERT INTO PARCNEGOCIO ( NRPARCNEGOCIO, NRORG, NMPRINCIPALPARC, NMSECUNDARIPARC, DTNASCIFUNDPARC, NRINSCRICAOPARC, IDATIVO, DTINCLUSAO, NRORGINCLUSAO, CDOPERINCLUSAO, CDTIPOPARCPRINCIPAL, CDTIPOINSCRICAO, IDPESSOAFISICA, IDINSTITUICAO, IDPARCFUNDIDO ) VALUES ( 212, 5862, 'ARIELLY DA SILVA CASTRO', 'ARIELLY DA SILVA CASTRO', '13/05/2001', '03859026208', 'S', SYSDATE, 5862, '000000099991', 'PESSOA', 'CPF', 'S', 'N', 'N' ); | ER11: =SUBSTITUTE(SUBSTITUTE(SUBSTITUTE($ER$2,"@NRORG@",$CM$2),$CQ$1,CQ11),$CP$1,CP11) -> INSERT INTO GPE_PESSOA ( NRPESSOA, NRORG, NRPARCNEGOCIO, DTINCLUSAO, NRORGINCLUSAO, CDOPERINCLUSAO ) VALUES ( 9, 5862, 212, SYSDATE, 5862, '000000099991' ); | ES11: =SUBSTITUTE( SUBSTITUTE( SUBSTITUTE( SUBSTITUTE( SUBSTITUTE( SUBSTITUTE( SUBSTITUTE( SUBSTITUTE( SUBSTITUTE( SUBSTITUTE( SUBSTITUTE( SUBSTITUTE( SUBSTITUTE( SUBSTITUTE( SUBSTITUTE( SUBSTITUTE( SUBSTITUTE( SUBSTITUTE( SUBSTITUTE( SUBSTITUTE( SUBSTITUTE( SUBSTITUTE( SUBSTITUTE( SUBSTITUTE( SUBSTITUTE( SUBSTITUTE( SUBSTITUTE( SUBSTITUTE( SUBSTITUTE( SUBSTITUTE( SUBSTITUTE( SUBSTITUTE( SUBSTITUTE( $ES$2, "@NRORG@", $CM$2 ), "@NRPESSOAH@", $CR11 ), "@NRPESSOA@", $CQ11 ), "@NOMEVINC@", $H11 ), "@CDESTACIVIL@", $I11 ), "@CPF@", $DX11 ), "@CTPS@", $DY11 ), "@SERIECTPS@", $L11 ), "@UFCTPS@", $M11 ), "@DTCTPS@", $EC11 ), "@PIS@", $O11 ), "@DTPIS@", $ED11 ), "@TITUELEI@", $U11 ), "@SECAOELEI@", $V11 ), "@ZONAELEI@", $W11 ), "@CNH@", $X11 ), "@DTVALCNH@", $EE11 ), "@CATCNH@", $Z11 ), "@NRCATMILITARPE@", $DQ11 ), "@NRCERTRESE@", $EP11 ), "@NRRACA@", $AC11 ), "@CDPAIS@", $AD11 ), "@SGESTADO@", $AE11 ), "@NMMUNICIPIO@", $DG11 ), "@DTNASCI@", $EB11 ), "@IDSEXO@", $AH11 ), "@NRRG@", $DR11 ), "@CDEXRG@", SUBSTITUTE($R11,"'","") ), "@UFRG@", $S11 ), "@DTEXRG@", $EF11 ), "@NRNACIONALID@", $DH11 ), "@NRGRAUINSTR@", $BT11 ),"@NRCONDFISPES@", $CC11 ) -> INSERT INTO GPE_PESSOAH ( NRPESSOAH, NRPESSOA, NRORG, DTMESCOMPETENC, NMPESSOA, CDESTACIVIL, NRCPFPESSOA, NRCTPSPESSOA, NRSERIECTPSPES, SGUFCTPSPES, DTCTPSPESSOA, NRPISPASEPPES, DTINSCPISPASEP, NRTITUELEIPES, NRSECAELEIPES, NRZONAELEIPES, NRCARTHABPES, DTVALHABCARTPES, DSCATEGHABCART, NRCATMILITARPE, NRCERTRESEPES, DTINCLUSAO, NRORGINCLUSAO, CDOPERINCLUSAO, NRRACAPESSOA, CDPAIS, SGESTADO, CDMUNICIPIO, DTNASCPESSOA, IDSEXOPESSOA, NRRGPESSOA, CDEXRGPESSOA, SGUFRGPESSOA, DTEXRGPESSOA, NRNACIONALID, NRGRAUINSTR, NRCONDFISPES ) VALUES ( 9, 9, 5862, '01/01/2000', 'ARIELLY DA SILVA CASTRO', 'S', '03859026208', '', '', '', '', '', '', '', '', '', '', '', '', (SELECT NRCATMILITARPE FROM GPE_CATMILITARPE WHERE NRCATMILITARPE = ''), '', SYSDATE, 5862, '000000099991', '5', '1058', 'PA', (SELECT MAX(CDMUNICIPIO) FROM MUNICIPIO WHERE NMMUNICIPIO = 'BELEM'), '13/05/2001', 'F', '7675403', 'PC', 'PA', '25/02/2021', '1', '7' , '1'); | ET11: =SUBSTITUTE(SUBSTITUTE(SUBSTITUTE(SUBSTITUTE(SUBSTITUTE(SUBSTITUTE(SUBSTITUTE(SUBSTITUTE(SUBSTITUTE(SUBSTITUTE(SUBSTITUTE(SUBSTITUTE(SUBSTITUTE(SUBSTITUTE(SUBSTITUTE(SUBSTITUTE(SUBSTITUTE(SUBSTITUTE(SUBSTITUTE(SUBSTITUTE(SUBSTITUTE($ET$2,"@NRORG@",$CM$2),$CS$1,CS11),$CQ$1,CQ11),$C$1,C11),$DZ$1,DZ11),$EA$1,EA11),$BA$1,BA11),$BN$1,BN11),$BO$1,BO11),$BB$1,BB11),$EG$1,EG11),$EH$1,EH11),$EI$1,EI11),$H$1,H11),$BI$1,BI11),$BJ$1,BJ11),$EL$1,EL11),$BV$1,BV11),$BW$1,BW11),$EJ$1,EJ11),$EK$1,EK11) -> INSERT INTO GPE_VINCULOM (NRVINCULOM, NRPESSOA, NRORG, CDMATRICULA, DTADMISSAOVINC, DTRESCISAOVINC, DTINCLUSAO, NRORGINCLUSAO, CDOPERINCLUSAO, NRTIPOVINCULOM, NRVINCULOEMPREG, NRTPADMISSAO, NRTPDEMISSAO, DTOPCAOFGTS, DTAPOSENTAFGTS, DTPRIMADMISSAO, NMVINCULOM, NRMOTIVORESC, DSOBSRESCISAO, DTAVISOPREVIO, NRDIASCONTRATOEXP, NRDIASCONTRATOEXPPRO, DTEXAMEMEDICO, DTAVISOTRCT) VALUES (9, 9, 5862, '270000-2-E1083', '02/02/2026', '02/06/2026', SYSDATE, 5862, '000000099991', '1', '', '', '', '', '', '', 'ARIELLY DA SILVA CASTRO', '', '', '', '', '', '02/02/2027', ''); | EU11: =SUBSTITUTE( SUBSTITUTE( SUBSTITUTE( SUBSTITUTE( SUBSTITUTE( SUBSTITUTE( SUBSTITUTE( SUBSTITUTE( SUBSTITUTE( SUBSTITUTE( SUBSTITUTE( SUBSTITUTE( SUBSTITUTE( SUBSTITUTE( SUBSTITUTE( SUBSTITUTE( SUBSTITUTE( SUBSTITUTE( SUBSTITUTE( SUBSTITUTE( SUBSTITUTE( $EU$2, "@NRORG@", $CM$2 ), "@NRVINCULOH@", $CT11 ), "@NRVINCULOM@", $CS11 ), "@NRSITUFUNCM@", $D11 ), "@OCUPACAO@", $DN11 ), "@IDCONTRIBUISIND@", $DF11 ), "@NRDEPENDIR@", $DO11 ), "@NRDEPENDSFAM@", $DP11 ), "@DTBASEFERIAS@", $EM11 ), "@IDREMUNERACAO@", $AI11 ), "@IDTPPAGAMENTO@", $AO11 ), "@ESTRUTLEGAL@", $AP11 ), "@ESTRUTGEREN@", $AQ11 ), "@ESTRUTSIND@", $BU11 ), "@NRTPMODALIDSAL@", $BS11 ), "@IDMULTVINC@", $BG11 ), "@CDCONTRIBINDIVIDUAL@", $BH11 ), "@DTFIMCONTRDETERMIN@", $EO11 ), "@NRESCALATRABM@", $E11 ), "@CORINGASIND@", $GF$8 ), "@CORINGAGEREN@", $GF$6 ) -> INSERT INTO GPE_VINCULOH (NRVINCULOH, NRVINCULOM, NRSITUFUNCM, NRCARGO, NRFUNCAO, NRORG, DTMESCOMPETENC, IDCONTRIBUISIND, DTINCLUSAO, NRORGINCLUSAO, CDOPERINCLUSAO, NRDEPENDIR, NRDEPENDSFAM, DTBASEFERIAS, IDREMUNERACAO, IDTPPAGAMENTO, NRESTRUTLEGAL, NRESTRUTGEREN, NRESTRUTSIND, NRTPMODALIDSAL, IDMULTVINC, CDCONTRIBINDIVIDUAL, NRTPMOVTRANSFM, DTFIMCONTRDETERMIN, CONFIDENCIAL, NRESCALATRABM) VALUES (25, 9, '', (SELECT MAX(NROCUPACAOM) FROM GPE_OCUPACAOH WHERE NRORG = 5862 AND CDINTEGRACAO = '0089-7'), (SELECT MAX(NROCUPACAOM) FROM GPE_OCUPACAOH WHERE NRORG = 5862 AND CDINTEGRACAO = '0089-7'), 5862, '01/01/2000', 'NUNCA', SYSDATE, 5862, '000000099991', '0', '0', '02/02/2026', 'SAL1', '', (SELECT MAX(NRESTRUTURAM) FROM ESTRUTURAM WHERE NRORG = 5862 AND CDINTESTRUTURA = 'est_MATSAUDE'), NVL((SELECT MAX(NRESTRUTURAM) FROM ESTRUTURAM WHERE NRORG = 5862 AND CDINTESTRUTURA = 'dep_270000'), 999992), NVL((SELECT MAX(NRESTRUTURAM) FROM ESTRUTURAM WHERE NRORG = 5862 AND CDINTESTRUTURA = ''), 999993), '1', 'UNICO', '', 2, '', 'N', (SELECT MAX(NRESCALATRABM) FROM GPE_ESCALATRABH WHERE NRORG = 5862 AND NRESCALATRABM = '000007') ); | EV11: =SUBSTITUTE(SUBSTITUTE(SUBSTITUTE(SUBSTITUTE(SUBSTITUTE($EV$2,"@NRORG@",$CM$2),$CT$1,CT11),$CU$1,CU11),$CV$1,CV11),$CN$1,$CN$2) -> INSERT INTO GPE_VINCULOH (NRVINCULOH, NRVINCULOM, NRSITUFUNCM, NRCARGO, NRFUNCAO, NRORG, DTMESCOMPETENC, IDCONTRIBUISIND, DTINCLUSAO, NRORGINCLUSAO, CDOPERINCLUSAO, NRDEPENDIR, NRDEPENDSFAM, DTBASEFERIAS, IDREMUNERACAO, IDTPPAGAMENTO, NRESTRUTLEGAL, NRESTRUTGEREN, NRESTRUTSIND, NRTPMODALIDSAL, IDMULTVINC, CDCONTRIBINDIVIDUAL, NRTPMOVTRANSFM, DTFIMCONTRDETERMIN, CONFIDENCIAL, NRESCALATRABM) SELECT 26 NRVINCULOH, NRVINCULOM, NRSITUFUNCM, NRCARGO, NRFUNCAO, NRORG, '01/01/2024' DTMESCOMPETENC, IDCONTRIBUISIND, SYSDATE DTINCLUSAO, NRORGINCLUSAO, CDOPERINCLUSAO, NRDEPENDIR, NRDEPENDSFAM, DTBASEFERIAS, IDREMUNERACAO, IDTPPAGAMENTO, NRESTRUTLEGAL, NRESTRUTGEREN, NRESTRUTSIND, NRTPMODALIDSAL, IDMULTVINC, CDCONTRIBINDIVIDUAL, NRTPMOVTRANSFM, DTFIMCONTRDETERMIN, CONFIDENCIAL, NRESCALATRABM FROM GPE_VINCULOH WHERE NRORG = 5862 AND NRVINCULOH = 25; | EW11: =SUBSTITUTE(SUBSTITUTE(SUBSTITUTE(SUBSTITUTE(SUBSTITUTE($EW$2,"@NRORG@",$CM$2),$CT$1,CT11),$CV$1,CV11),$CV$1,CV11),$CO$1,$CO$2) -> INSERT INTO GPE_VINCULOH (NRVINCULOH, NRVINCULOM, NRSITUFUNCM, NRCARGO, NRFUNCAO, NRORG, DTMESCOMPETENC, IDCONTRIBUISIND, DTINCLUSAO, NRORGINCLUSAO, CDOPERINCLUSAO, NRDEPENDIR, NRDEPENDSFAM, DTBASEFERIAS, IDREMUNERACAO, IDTPPAGAMENTO, NRESTRUTLEGAL, NRESTRUTGEREN, NRESTRUTSIND, NRTPMODALIDSAL, IDMULTVINC, CDCONTRIBINDIVIDUAL, NRTPMOVTRANSFM, DTFIMCONTRDETERMIN, CONFIDENCIAL, NRESCALATRABM) SELECT 27 NRVINCULOH, NRVINCULOM, NRSITUFUNCM, NRCARGO, NRFUNCAO, NRORG, '01/01/2025' DTMESCOMPETENC, IDCONTRIBUISIND, SYSDATE DTINCLUSAO, NRORGINCLUSAO, CDOPERINCLUSAO, NRDEPENDIR, NRDEPENDSFAM, DTBASEFERIAS, IDREMUNERACAO, IDTPPAGAMENTO, NRESTRUTLEGAL, NRESTRUTGEREN, NRESTRUTSIND, NRTPMODALIDSAL, IDMULTVINC, CDCONTRIBINDIVIDUAL, NRTPMOVTRANSFM, DTFIMCONTRDETERMIN, CONFIDENCIAL, NRESCALATRABM FROM GPE_VINCULOH WHERE NRORG = 5862 AND NRVINCULOH = 25; | EX11: =SUBSTITUTE(SUBSTITUTE(SUBSTITUTE(SUBSTITUTE(SUBSTITUTE(SUBSTITUTE($EX$2,"@NRORG@",$CM$2),$CW$1,CW11),$D$1,D11),$CS$1,CS11),$EN$1,EN11),$EA$1,EA11) -> INSERT INTO GPE_ALTESITUFUNC ( NRALTESITUFUNC, NRORG, NRSITUFUNCM, NRVINCULOM, DTINISITUFUNC, DTINCLUSAO, NRORGINCLUSAO, CDOPERINCLUSAO ) VALUES ( 9, 5862, (CASE WHEN '' IS NOT NULL THEN '' WHEN '02/06/2026' IS NULL THEN '1' ELSE '13' END), 9, '02/06/2026', SYSDATE, 5862, '000000099991' ); | EY11: =IF(COUNTA(AJ11:AL11)<>3,"",SUBSTITUTE(SUBSTITUTE(SUBSTITUTE(SUBSTITUTE(SUBSTITUTE(SUBSTITUTE(SUBSTITUTE($EY$2,"@NRORG@",$CM$2),$CX$1,CX11),$CP$1,CP11),$DS$1,DS11),$DT$1,DT11),$DU$1,DU11),$AM$1,AM11)) | EZ11: =IF(CD11="","",SUBSTITUTE(SUBSTITUTE(SUBSTITUTE(SUBSTITUTE(SUBSTITUTE($EZ$2,"@NRORG@",$CM$2),$CY$1,CY11),$CP$1,CP11),$CD$1,CD11),$CI$1,TRIM(CI11))) | FA11: =IF($CK11="","",SUBSTITUTE(SUBSTITUTE(SUBSTITUTE(SUBSTITUTE(SUBSTITUTE($FA$2,"@NRORG@",$CM$2),$CZ$1,$CZ11),$CP$1,$CP11),$CK$1,SUBSTITUTE(TRIM($CK11),"'","")),$CJ$1,TRIM(SUBSTITUTE($CJ11,"'","")))) -> INSERT INTO COMUNICAPARC ( NRCOMUNICAPARC, NRPARCNEGOCIO, CDFORMACOMU, CDPREFIXCOMUPARC, CDCOMUNICAPARC, NRORG, IDATIVO, DTINCLUSAO, NRORGINCLUSAO, CDOPERINCLUSAO ) VALUES ( 11, 212, '02', '91', '991698003', 5862, 'S', SYSDATE, 5862, '000000099991' ); | FB11: =IF(TRIM($CE11)="","",SUBSTITUTE(SUBSTITUTE(SUBSTITUTE(SUBSTITUTE($FB$2,"@NRORG@",$CM$2),$DA$1,$DA11),$CP$1,$CP11),$CE$1,SUBSTITUTE(TRIM($CE11),"'",""))) -> INSERT INTO COMUNICAPARC ( NRCOMUNICAPARC, NRPARCNEGOCIO, CDFORMACOMU, CDCOMUNICAPARC, NRORG, IDATIVO, DTINCLUSAO, NRORGINCLUSAO, CDOPERINCLUSAO ) VALUES ( 38, 212, '05', 'castroarielly5@gamil.com', 5862, 'S', SYSDATE, 5862, '000000099991' ); | FC11: =IF(AV11="","",SUBSTITUTE(SUBSTITUTE(SUBSTITUTE(SUBSTITUTE(SUBSTITUTE(SUBSTITUTE(SUBSTITUTE(SUBSTITUTE(SUBSTITUTE(SUBSTITUTE(SUBSTITUTE(SUBSTITUTE($FC$2,"@NRORG@",$CM$2),$DB$1,DB11),$CP$1,CP11),$DV$1,DV11),$DW$1,DW11),$DI$1,DI11),$DK$1,DK11),$DL$1,DL11),$DM$1,DM11),$DJ$1,DJ11),$AW$1,SUBSTITUTE(TRIM(AW11),"'","")),$AS$1,AS11)) -> INSERT INTO ENDERECOPARC ( NRENDERECOPARC, NRPARCNEGOCIO, CDTIPOENDERECO, NRORG, IDATIVO, DTINCLUSAO, NRORGINCLUSAO, CDOPERINCLUSAO, CDPAIS, CDMUNICIPIO, CDLOGRADOURO, NMBAIRROENDERECO, DSCOMPLEENDERECO, NRCEPENDERECO, DSENDERECO, NRIMOVELENDERECO, SGESTADO ) VALUES ( 19, 212, 'PRINCIPAL', 5862, 'S', SYSDATE, 5862, '000000099991', '0055', ( SELECT MAX(CDMUNICIPIO) FROM MUNICIPIO WHERE NMMUNICIPIO = 'BELEM' AND SGESTADO = 'PA' ), 'PSG', 'GUAMA', 'FUNDOS CASA 03 ALTOS', '66075590', 'SANTA CLARA', '85', 'PA'); | FD11: =IF( DC11 = "", "", SUBSTITUTE( SUBSTITUTE( SUBSTITUTE( SUBSTITUTE( SUBSTITUTE( $FD$2, "@NRORG@", $CM$2 ), "@NRMOVIMENTACAO_LEG@", $DC11 ), "@NRVINCULOM@", $CS11 ), "@ESTRUTLEGAL@", $AP11 ), "@DTADMISSAO@", $DZ11 ) ) -> INSERT INTO GPE_MOVIMENTACAO ( NRMOVIMENTACAO, NRORG, NRVINCULOM, NRTIPOTRANSFER, NRTPMOVTRANSFM, NRESTRUTURAM, DTINIMOVIMENT, DSOBSERVACAO, DTINCLUSAO, NRORGINCLUSAO, CDOPERINCLUSAO, NRTIPOESTRUTURA ) VALUES ( 9, 5862, 9, 1, 1, (SELECT MAX(NRESTRUTURAM) FROM ESTRUTURAM WHERE NRORG = 5862 AND CDINTESTRUTURA = 'est_MATSAUDE' AND NRTIPOESTRUTURA = (SELECT NRTPESTRUTLEGAL FROM GPE_PARAMORG WHERE NRORG = 5862)), '02/02/2026', 'Movimentacao gerada via migracao ' || SYSDATE, SYSDATE, 5862, '000000099991', ( SELECT NRTPESTRUTLEGAL FROM GPE_PARAMORG WHERE NRORG = 5862 ) ); | FE11: =IF( DD11 = "", "", SUBSTITUTE( SUBSTITUTE( SUBSTITUTE( SUBSTITUTE( SUBSTITUTE( $FE$2, "@NRORG@", $CM$2 ), "@NRMOVIMENTACAO_GER@", $DD11 ), "@NRVINCULOM@", $CS11 ), "@ESTRUTGEREN@", $AQ11 ), "@DTADMISSAO@", $DZ11 ) ) -> INSERT INTO GPE_MOVIMENTACAO ( NRMOVIMENTACAO, NRORG, NRVINCULOM, NRTIPOTRANSFER, NRTPMOVTRANSFM, NRESTRUTURAM, DTINIMOVIMENT, DSOBSERVACAO, DTINCLUSAO, NRORGINCLUSAO, CDOPERINCLUSAO, NRTIPOESTRUTURA ) VALUES ( 36, 5862, 9, 2, 1, (SELECT MAX(NRESTRUTURAM) FROM ESTRUTURAM WHERE NRORG = 5862 AND CDINTESTRUTURA = 'dep_270000' AND NRTIPOESTRUTURA = (SELECT NRTPESTRUTGEREN FROM GPE_PARAMORG WHERE NRORG = 5862)), '02/02/2026', 'Movimentacao gerada via migracao ' || SYSDATE, SYSDATE, 5862, '000000099991', ( SELECT NRTPESTRUTGEREN FROM GPE_PARAMORG WHERE NRORG = 5862 ) ); | FF11: =IF( DE11 = "", "", SUBSTITUTE( SUBSTITUTE( SUBSTITUTE( SUBSTITUTE( SUBSTITUTE( $FF$2, "@NRORG@", $CM$2 ), "@NRMOVIMENTACAO_SIN@", $DE11 ), "@NRVINCULOM@", $CS11 ), "@ESTRUTSIND@", $BU11 ), "@DTADMISSAO@", $DZ11 ) ) | FG11: =$FG$2 -> COMMIT; | FI11: não | FL11: existe | FP11: existe | FT11: existe | FX11: existe | GB11: 0 | GD11: - Vínculo (matrícula): 270000-2-E1082, estrutura legal
